[
{
    "model": "auth.user",
    "fields": {
        "password": "pbkdf2_sha256$1200000$2XyWWfhZhDjiOSjPrYCXo5$w2CfUZGDLr3kI382wzupmQjWWjVOxzuSGyosIsiLywI=",
        "last_login": "2026-04-07T17:13:16.270Z",
        "is_superuser": true,
        "username": "yanis",
        "first_name": "",
        "last_name": "",
        "email": "",
        "is_staff": true,
        "is_active": true,
        "date_joined": "2026-03-21T11:44:50.659Z",
        "groups": [],
        "user_permissions": []
    }
},
{
    "model": "auth.user",
    "fields": {
        "password": "pbkdf2_sha256$1200000$sLXSb769s3QtVV1hmlYPgx$8le2UcLawzPEReHQTxYI1rWkjHw9MhwRLZlcl+Nguao=",
        "last_login": null,
        "is_superuser": false,
        "username": "Летун.Я.В",
        "first_name": "",
        "last_name": "",
        "email": "",
        "is_staff": false,
        "is_active": true,
        "date_joined": "2026-03-24T21:19:30.602Z",
        "groups": [],
        "user_permissions": []
    }
},
{
    "model": "auth.user",
    "fields": {
        "password": "pbkdf2_sha256$1200000$SQ8wJgChfweVhdNzhJNUSf$vAkpnBm7MRl9JokYD3Y33wIeAkoc3XUXxsrzAQelw3Q=",
        "last_login": "2026-04-07T16:23:21.928Z",
        "is_superuser": false,
        "username": "gest",
        "first_name": "",
        "last_name": "",
        "email": "",
        "is_staff": false,
        "is_active": true,
        "date_joined": "2026-03-25T15:55:00.022Z",
        "groups": [],
        "user_permissions": []
    }
},
{
    "model": "sessions.session",
    "pk": "rb2zstpmvu0i1h97h8nyta5stutwwu0r",
    "fields": {
        "session_data": "eyJjYXJ0Ijp7fX0:1w41eW:arnWJAlBV_EEGDh4JF2t7X4GNYRRf97v9GDldIbpLNk",
        "expire_date": "2026-04-04T19:06:28.753Z"
    }
},
{
    "model": "sessions.session",
    "pk": "w9uu1bs40mh7pbbr76zb5gzsabjrnqov",
    "fields": {
        "session_data": ".eJxVjDsOgzAQBe-yNbJsWGzjMn3OgNa_4CQyiTFFhLh7hESRNK-YGb0NRlrrNK5LKGPyYEBA88ssuUfIh_B3yreZuTnXkiw7EnbahV1nH56Xs_07mGiZwABajaQ1x2HQSnC02AkduOK-Rxul8mStE7yXXNpBCR-VVogiItdSRaegAUelgtmgPeZVkgtgoMWO6R4aeK-Ua6ofMO2-719yO0Qb:1w41cx:JN2AkE82Vco7OL2tY3mvE-7rm7-ZV-x3CGbe9UeAf7c",
        "expire_date": "2026-04-04T19:04:51.971Z"
    }
},
{
    "model": "sessions.session",
    "pk": "xgr5ybuzrprrmb5ylj4h8lks7gpc6d3f",
    "fields": {
        "session_data": ".eJxVjLsKwzAMAP9FczEyVSwlY_d-g7H8qNOWBOJkCv33EsjQrnfH7eDDtla_tbz4McEAFi6_TEN85ekQ6Rmmx2ziPK3LqOZIzGmbuc8pv29n-zeooVUYgFQoiCD1vbBFUrpayciYOtLiOAXVaLFz6LRnmwoLE9lCKI5LZPh8AbQTNsM:1wA9zI:5RGpMFFEJ8ZyzNRwfaq7o3-lG3a_ZFyAlA9tkjHOb8U",
        "expire_date": "2026-04-21T17:13:16.462Z"
    }
},
{
    "model": "shop.category",
    "pk": 1,
    "fields": {
        "name": "Фидерные удилища",
        "slug": "fidery"
    }
},
{
    "model": "shop.category",
    "pk": 2,
    "fields": {
        "name": "Катушки",
        "slug": "katushki"
    }
},
{
    "model": "shop.category",
    "pk": 3,
    "fields": {
        "name": "Кормушки",
        "slug": "kormushki"
    }
},
{
    "model": "shop.category",
    "pk": 4,
    "fields": {
        "name": "Спининги",
        "slug": "spiningi"
    }
},
{
    "model": "shop.category",
    "pk": 5,
    "fields": {
        "name": "Прикормки",
        "slug": "prikormki"
    }
},
{
    "model": "shop.category",
    "pk": 6,
    "fields": {
        "name": "Воблеры",
        "slug": "voblery"
    }
},
{
    "model": "shop.category",
    "pk": 7,
    "fields": {
        "name": "Блесна",
        "slug": "blesna"
    }
},
{
    "model": "shop.category",
    "pk": 8,
    "fields": {
        "name": "Удочки",
        "slug": "udochki"
    }
},
{
    "model": "shop.category",
    "pk": 9,
    "fields": {
        "name": "Поплавки",
        "slug": "poplavki"
    }
},
{
    "model": "shop.category",
    "pk": 10,
    "fields": {
        "name": "Шнуры",
        "slug": "shnury"
    }
},
{
    "model": "shop.category",
    "pk": 11,
    "fields": {
        "name": "Леска",
        "slug": "leska"
    }
},
{
    "model": "shop.category",
    "pk": 12,
    "fields": {
        "name": "Крючки",
        "slug": "kryuchki"
    }
},
{
    "model": "shop.category",
    "pk": 13,
    "fields": {
        "name": "Расходники",
        "slug": "rashodniki"
    }
},
{
    "model": "shop.product",
    "pk": 3,
    "fields": {
        "category": 2,
        "name": "Катушкa CARP PRO D-Carp 6000 FS",
        "slug": "katushka-carp-pro-d-carp-6000-fs",
        "image": "products/2026/03/21/katushka-carp-pro-d-carp-6000-fs-cpdcn6fs-f-fishing-by-1-143323882-800x800.jpg",
        "description": "Carp Pro D-Carp 6000 FS – новинка 2023 года! Обновлённая линейка карповых катушек D-Carp создана для ловли трофейной рыбы на больших дистанциях. Катушки Carp Pro D-Carp новой генерации надёжные, эффективные и удобные в работе! Модель D-Carp 6000 FS предназначена для ловли карпа на метод-фидер, оснащена мощным тяговым механизмом с червячной передачей и системой Free Spool. Алюминиевая шпуля с конической формой буртика способствует снижению трения лески при забросе, что положительно влияет на его дальность. Качественная укладка лески достигается использованием бесконечного винта. Ролик лесоукладывателя конструкции Anti-Twist имеет покрытие из нитрида титана, которое предотвращает его пропиливание при работе со шнурами. Фрикцион D-Carp с мощными дисками и точной настройкой тормозного усилия отличается стабильной работой и не подведёт в самый ответственный момент.",
        "short_features": "",
        "price": "243.81",
        "available": true,
        "created": "2026-04-01T17:17:16.779Z",
        "updated": "2026-04-01T17:17:16.821Z"
    }
},
{
    "model": "shop.product",
    "pk": 4,
    "fields": {
        "category": 2,
        "name": "Катушка CARP PRO Torus Cast 6000 SD",
        "slug": "katushka-carp-pro-torus-cast-6000-sd",
        "image": "products/2026/03/25/katushka-carp-pro-torus-cast-6000.jpg",
        "description": "Нередко ловля карпа требует забросов на максимально возможную дистанцию. А иногда и дальше! Именно в таких случаях вы оцените все преимущества этой катушки. Удлиненная низкопрофильная шпуля большого диаметра имеет большую площадь поверхности. Благодаря этому при сверхдальних забросах диаметр намотки уменьшается крайне незначительно, а это значит, что леска не испытывает повышенного трения о выступающий буртик шпули, как это происходит при использовании обычных катушек. Идеально ровную укладку лески обеспечивает бесконечный винт. Под шпулей находится специальное кольцо на четырех опорах, цилиндрические выступы которого входят в пазы, расположенные на внутренней поверхности ротора. Благодаря этому леска не может попасть под шпулю и намотаться на ось. «Быстрый» фрикцион с мощными дисками, который позволяет мгновенно менять тормозное усилие, отличается стабильностью работы и не подведет в самый ответственный момент. Графитовый корпус «Быстрый» передний фрикцион Алюминиевая шпуля Long CastАлюминиевая ручка Ролик лесоукладывателя Anti-TwistМоментальный антиреверс7+1 подшипника Бесконечный винтРедукция: 4,6:1",
        "short_features": "",
        "price": "349.30",
        "available": true,
        "created": "2026-04-01T17:17:16.779Z",
        "updated": "2026-04-01T17:17:16.821Z"
    }
},
{
    "model": "shop.product",
    "pk": 5,
    "fields": {
        "category": 2,
        "name": "ELEGANCE METHOD Катушка фидерная Accela Distance Feeder 6500",
        "slug": "elegance-method-katushka-fidernaya-accela-distance-feeder-6500",
        "image": "products/2026/03/25/elegance-method-katushka-fidernaya1.jpg",
        "description": "ЕLEGANCE METHOD Distance Feeder 6500 - безинерционная катушка, созданная для фидерной ловли на сверхдальних дистанциях. Выполнена в чёрном матовом цвете с широкой низкопрофильной алюминиевой шпулей с 2мя круглыми металлическими клипсами. Корпус биг-пит в довольно компактном размере и небольшом весе, мощная главная пара, ввинчивающаяся ручка с облегченным эргономичным кнобом, червячный механизм обеспечивает ровную укладку как лески так и плетеного шнура, оснащается комплектом подшипников 5+1, имеет подшпульную юбку, препятствующую попаданию лески под шпулю катушки, редукция составляет 4,6:1, что позволяет выматывать почти 1м за 1 оборот и спокойно бороться с крупной рыбой, быстрый фрикцион с очень удобной гайкой применим как в классической так и флэт-методной ловле, ролик лесоукладывателя с титановым покрытием и системой Anti-Twist. Данная катушка отлично подойдёт для классической ловли на дальних рубежах водохранилищ, крупных реках, а также для флэт-методной ловли. Эту катушку рекомендуется использовать с длинными фидерными удилищами 3,9 и 4,2м класса хэви/экстра-хэви и лёгкими карповыми удилищами длиной 10 и 12 футов.",
        "short_features": "",
        "price": "289.19",
        "available": true,
        "created": "2026-04-01T17:17:16.779Z",
        "updated": "2026-04-01T17:17:16.821Z"
    }
},
{
    "model": "shop.product",
    "pk": 6,
    "fields": {
        "category": 2,
        "name": "Катушка DAIWA 23 LEGALIS LT4000-C",
        "slug": "katushka-daiwa-23-legalis-lt4000-c",
        "image": "products/2026/03/25/6d1e07409d86801bfe94674980c63ee5-800x800.jpeg",
        "description": "Daiwa 23 Legalis LT – обновлённая серия доступных безынерционных катушек. Ряд современных технических решений позволил добиться ощутимо большей долговечности, которая при этом не отразилась на весе. В качестве материала корпуса используется современный композитный материал Zaion V, который до этого применялся в более дорогих моделях. Он отличается малым весом и превосходной устойчивостью к разного рода механическим повреждениям. Работа катушки основана на надёжном и мощном механизме Tough Digigear. Стоит обратить внимание на обновлённый фрикцион ATD Type-L. Он стал ещё более отзывчивым, чем ATD. Airdrive Rotor имеет повышенную жёсткость и прочность, при этом у него практически полностью отсутствует инерция при вращении.",
        "short_features": "",
        "price": "377.90",
        "available": true,
        "created": "2026-04-01T17:17:16.779Z",
        "updated": "2026-04-01T17:17:16.821Z"
    }
},
{
    "model": "shop.product",
    "pk": 7,
    "fields": {
        "category": 2,
        "name": "Катушка фидерная FLAGMAN \"Mascot Feeder 4000\" screw-in handle system",
        "slug": "katushka-fidernaya-flagman-mascot-feeder-4000-screw-in-handle-system",
        "image": "products/2026/03/25/katushka-fidernaya-flagman-mascot-feeder-4000.jpg",
        "description": "Мощная катушка Flagman для фидерной ловли. Чтобы уменьшить вес катушки ее корпус и ротор изготовили из высокопрочного пластика. Ротор прекрасно сбалансирован, поэтому даже при высокой скорости подмотки вибрации исключены. Точеная алюминиевая шпуля оснащена двумя круглыми клипсами – стандартной металлической и инновационной резиновой, призванной предотвращать сходы трофейной рыбы при клипсовании. Шпуля вмещает 120 метров лески диаметром 0,2 мм и имеет конический буртик, что значительно повышает дальность забросов. На шпуле предусмотрена юбка, предотвращающая попадание лески или шнура под шпулю. Катушка может без каких-либо ограничений работать со шнурами, так как оборудована керамическим роликом лесоукладывателя, стойким к протиранию и коррозии. Фрикцион с мощными дисками обладает высокоточной плавной регулировкой и отличается стабильной работой. Точеная алюминиевая ручка ввинчивается напрямую в главную пару, что исключает любые люфты и паразитные биения. Рукоятка обрезинена, обеспечивает надежный и уверенный хват. В механизме установлены 5+1 высококачественных подшипников из нержавеющей стали. Редукция – 5,5:1. Мягкий чехол – в комплекте.",
        "short_features": "",
        "price": "211.06",
        "available": true,
        "created": "2026-04-01T17:17:16.779Z",
        "updated": "2026-04-01T17:17:16.821Z"
    }
},
{
    "model": "shop.product",
    "pk": 8,
    "fields": {
        "category": 2,
        "name": "Катушка CARP PRO Blackpool Power Feeder 6500",
        "slug": "katushka-carp-pro-blackpool-power-feeder-6500",
        "image": "products/2026/03/25/katushka-carp-pro-blackpool-power-.jpg",
        "description": "Огромная шпуля и идеальная укладка лески, которые обеспечивают сверхдальний заброс, сочетаются в этой катушке с малым весом, который требуется для установки на фидерные удилища. Основное назначение катушки – метод-фидер, но при этом она может использоваться и на дальнобойных речных фидерных, а также на карповых удилищах. Под шпулей находится специальное кольцо на трех опорах, выступы которого входят в пазы, расположенные на внутренней поверхности ротора. Это не дает леске попадать под шпулю и наматываться на ось. Катушка отличается превосходной динамической балансировкой. На алюминиевой ручке установлена рукоять из твердого EVA, которая обеспечивает надежный хват. Катушка подбирает за один оборот более 1 м лески. При ловле на больших дистанциях это преимущество выражается в солидной экономии времени, особенно, если ловля связана с частыми перезабросами. Характеристики:Передний фрикцион.7+1 подшипников.Алюминиевая шпуля.Графитовый корпус.Алюминиевая ручка.Ролик лесоукладывателя Anti-Twist.Бесконечный винт.",
        "short_features": "",
        "price": "398.00",
        "available": true,
        "created": "2026-04-01T17:17:16.779Z",
        "updated": "2026-04-01T17:17:16.821Z"
    }
},
{
    "model": "shop.product",
    "pk": 9,
    "fields": {
        "category": 2,
        "name": "ELEGANCE FEEDER PRO Катушка фидерная V2 4500",
        "slug": "elegance-feeder-pro-katushka-fidernaya-v2-4500",
        "image": "products/2026/03/25/elegance-feeder-pro-katushka-fidernaya-v2-4500.jpg",
        "description": "ELEGANCE FEEDER PRO V2 это современная и очень надежная катушка высокого класса с легким и прочным\r\n\r\nкорпусом. Катушка разработана в соответствии с требованиями профессиональных рыболовов и продвинутых любителей.\r\nИмеет следующие характеристики:\r\n- надежный кулисный механизм;\r\n- модель оснащена комплектом подшипников 6+1;\r\n- передаточное отношение 4,6:1;\r\n- имеет широкую низкопрофильную шпулю из алюминиевого сплава;\r\n- ввинчивающуюся ручку;\r\n- толстую и прочную полую дужку лесоукладывателя;\r\n- ролик лесоукладывателя с титановым покрытием и системой Anti-Twist;\r\n- 2 круглых металлических подпружиненных клипсы;\r\n- точную регулировку переднефрикционного тормоза с тонкой настройкой;\r\n- аккуратную и удобную металлическую ручку с облегченным прорезиненным кнобом;\r\n- пластиковую подшпульную \"юбку\", препятствующую попаданию лески под шпулю и запутывание за шток;\r\nДанная серия катушек включает 3 типоразмера:\r\n4500 - рекомедуется для фидерных удилищ класса лайт и медиум с весами кормушек до 70 г\r\n5000 - рекомедуется для фидерных удилищ класса хэви с весами кормушек 70-100 г\r\n5500 - рекомедуется для фидерных удилищ класса хэви/экстра хэви с весами кормушек 80-120 г    \r\nДополнительные шпули:\r\n4500 - FXEL-701945\r\n5000 - FXEL-701950\r\n5500 - FXEL-701955",
        "short_features": "",
        "price": "251.97",
        "available": true,
        "created": "2026-04-01T17:17:16.779Z",
        "updated": "2026-04-01T17:17:16.821Z"
    }
},
{
    "model": "shop.product",
    "pk": 10,
    "fields": {
        "category": 1,
        "name": "Удилище фидерное CARP PRO Torus Carp Feeder 330 130 g",
        "slug": "udilishe-fidernoe-carp-pro-torus-carp-feeder-330-130-g",
        "image": "products/2026/03/25/udilische-fidernoe-carp-pro-torus-carp-feeder-330-130.jpg",
        "description": "Carp Pro Torus Carp Feeder — серия удилищ, предназначенных для фидерной ловли карпа. Бланки среднего строя (Moderate Fast) из карбона FWC 5.0 отличаются солидным запасом прочности, что будет в полной мере востребовано при вываживании крупного экземпляра. При этом они характеризуются небольшим, как для своей мощности, диаметром. Модели оснащены разнесенными рукоятями из синтетического материала.Пропускные кольца и тюльпан со вставками из твердой керамики имеют рамы противозахлестной конструкции. Удилища комплектуются тремя карбоновыми вершинами номиналом 2, 3, 4 oz. Яркие, флуоресцентные цвета — желтый и оранжевый — делают вершины хорошо заметными на любом фоне и при любой освещенности, что помогает лучше отслеживать поклевки. Кроме своего прямого назначения, удилища могут использоваться для ловли белой рыбы на реках — там, где необходимы тяжелые кормушки.",
        "short_features": "",
        "price": "234.63",
        "available": true,
        "created": "2026-04-01T17:17:16.779Z",
        "updated": "2026-04-01T17:17:16.821Z"
    }
},
{
    "model": "shop.product",
    "pk": 11,
    "fields": {
        "category": 1,
        "name": "Удилище фидерное FLAGMAN Cast Master Method Feeder 360 100GR",
        "slug": "udilishe-fidernoe-flagman-cast-master-method-feeder-360-100gr",
        "image": "products/2026/03/25/udilische-fidernoe-flagman-cast-master-method-feeder-360-100.jpg",
        "description": "Этот удилище класса медиум-хеви. Удилище имеет длину 360, кастинг до 100 грамм и обладает средне-параболическим строем. В первую очередь, этот фидер предназначен для ловли карпа на коммерческих озерах и водохранилищах кормушками типа метод и флэт. Но также, это удилище допустимо применять при ловле на реках с умеренным течением и каналах. Бланк удилища имеет стенку довольно внушительной толщины, поэтому удилище мощное, и в тоже время бросковое. А благодаря своему строю оно имеет прекрасные вяжущие свойства, что даст вам возможность ловить карпов и амуров достойных размеров. Комфортная дистанция ловли этим удилищем 30-70 метров. Оптимальные кормушки для использования 30-80 граммов.В комплекте идут три дополнительных кончика из карбона разной жесткости: 1G, 1.5G, 2C oz",
        "short_features": "",
        "price": "216.00",
        "available": true,
        "created": "2026-04-01T17:17:16.779Z",
        "updated": "2026-04-01T17:17:16.821Z"
    }
},
{
    "model": "shop.product",
    "pk": 12,
    "fields": {
        "category": 1,
        "name": "Удил. фидер Volzhanka Optima Evo Pro13ft  3,9м тест 90+гр",
        "slug": "udil-fider-volzhanka-optima-evo-pro13ft-39m-test-90gr",
        "image": "products/2026/03/31/096c6c1f011689a8ca542ca9db2bfbbe-800x800.png",
        "description": "Обновленная версия уже ставшего культовым среди сотен тысяч рыболовов фидерного удилища «Волжанка Оптима». Перед началом работы над новой «Optima Evo Pro», мы внимательно изучили пожелания как обычных рыболовов, так и рыболовов-спортсменов, которые с помощью данного удилища занимали призовые места. Изучили множество отзывов и обзоров, пересмотрели тысячи минут видео и в итоге пришли вот к таким изменениям, которые внесли в новое удилище:\r\n\r\n1. Мы изменили длину рукояти и убрали EVA с нижней части. У каждой модели, кроме длины 2,7 м. и 3,0 м., длина рукояти своя. По сравнению с прежними моделями удилища «Evo Pro» длиной 3,6 и 3,9 м. получили удлиненные рукояти, а длиной 4,2 м. – укороченную. Теперь рукояти полностью изготавливаются из псевдо-пробки, что значительно повысило комфорт и удобство при ловле.\r\n\r\n2. Новый катушкодержатель от компании «Sea Guide» с верхней гайкой.\r\n\r\n3. Бланки всей серии покрываются матовым лаком, стали более динамичными.\r\n\r\n4. Современный, визуально более приятный дизайн бланка.\r\n\r\n5. Квивертипы остались прежние, что очень удобно для владельцев обычных фидеров «Оптима».",
        "short_features": "",
        "price": "268.00",
        "available": true,
        "created": "2026-04-01T17:17:16.779Z",
        "updated": "2026-04-01T17:17:16.821Z"
    }
},
{
    "model": "shop.product",
    "pk": 13,
    "fields": {
        "category": 1,
        "name": "Удилище фидерное F-FISHING Vento Feeder 3,9м тест max 120г",
        "slug": "udilishe-fidernoe-f-fishing-vento-feeder-39m-test-max-120g",
        "image": "products/2026/03/31/dacaa5a3132a2b2ede1202bb62034c6c-800x800.jpg",
        "description": "F-FISHING VENTO – это новая серия универсальных фидерных удилищ, которые отличаются высокой прочностью, надёжностью, современным дизайном и отличными рабочими характеристиками на фоне максимальной доступности для широкого круга рыболовов. Удилища VENTO отлично подойдут как для ловли карпа на коммерческих водоёмах, так и для ловли белой рыбы на реках с течением. В серию вошли мощные фидерные удилища, изготовленные по технологии FWC из карбона 30Т, которые способны далеко и точно забрасывать тяжёлые кормушки, с лёгкостью противостоят течению и дают возможность форсировать вываживание при использовании тонких поводков.VENTO обладают средним строем, что даёт возможность уверено вываживать крупную рыбу. Все модели серии имеют прекрасный баланс и не утомляют рыболова при длительной ловле в высоком темпе. Пропускные кольца увеличенного диаметра на высоких опорах способствуют повышению дальности заброса, особенно при использовании катушек большого размера.\r\n\r\nВ комплекте идут две вершинки из карбона:\r\n2 oz, 4 oz",
        "short_features": "",
        "price": "197.11",
        "available": true,
        "created": "2026-04-01T17:17:16.779Z",
        "updated": "2026-04-01T17:17:16.821Z"
    }
},
{
    "model": "shop.product",
    "pk": 14,
    "fields": {
        "category": 1,
        "name": "Удилище фидерное FLAGMAN Mascot Feeder 3,60m 80gr",
        "slug": "udilishe-fidernoe-flagman-mascot-feeder-360m-80gr",
        "image": "products/2026/03/31/udilische-fidernoe-flagman-mascot-feeder-3-60m-80gr-mscm360-f-fishin_gJBem1v.jpg",
        "description": "Концепция материала, из которого изготовлены удилища серии Mascot Feeder, основывается на сведении к минимуму количества прямолинейно расположенных волокон. Внешний слой представляет собой мелкоячеистую карбоновую сетку, покрытую крупноячеистой. Крупноячеистая сетка имеет диагональное расположение волокон по отношению к оси бланка. Таким образом, во внешнем слое, который при изгибе подвергается наибольшему растяжению, прямолинейно расположенные волокна отсутствуют полностью. Обе сетки способны тянуться сильнее – за счет уплотнения структуры при растяжении. Бланк получается более «вязким» и гибким. Большое количество диагонально и поперечно расположенных волокон способствуют сохранению круглого сечения бланка при значительном изгибе, что практически полностью исключает расслоение, а значит – поломку удилища. Применение высокомодульного графита позволило добиться достаточно быстрого действия бланка, что в сочетании с его гибкостью дает непревзойденный эффект. Заброс получается энергичным и дальним, но при этом мягким, плавным. Во время вываживания такое удилище способно легко парировать даже самые резкие рывки подсеченного трофея. По своим характеристикам удилища оптимизированы, прежде всего, для ловли на стоячих водоемах или реках с умеренным течением. Этим продиктован и выбор мощности квивертипов – с прицелом на максимальную чувствительность. Пропускные кольца от известного американского производителя Pacific Bay не только обладают минимальным весом, но и устойчивы к ударным нагрузкам. Бланки также неприхотливы – за счет все того же двойного сетчатого покрытия. Пробковая рукоятка в активных зонах оснащена вставками из EVA. Каждое удилище Flagman Mascot – настоящий фидерный внедорожник, способный пережить любые испытания!В комплекте идут три вершинки из карбона разной жесткости: 1 oz, 1,5 oz, 2 oz.",
        "short_features": "",
        "price": "346.23",
        "available": true,
        "created": "2026-04-01T17:17:16.779Z",
        "updated": "2026-04-01T17:17:16.821Z"
    }
},
{
    "model": "shop.product",
    "pk": 15,
    "fields": {
        "category": 1,
        "name": "Удилище GURU N-Gauge Power Feeder Rod 12ft 3,6м 2 секции",
        "slug": "udilishe-guru-n-gauge-power-feeder-rod-12ft-36m-2-sekcii",
        "image": "products/2026/03/31/udilische-guru-n-gauge-power-feeder-rod-12ft-3-6m-2.png",
        "description": "GURU Удилище N-Gauge Power Feeder Rod 12ft 3,6м | 80g в деталях:\r\nмощное удилище для ловли карпов и других КРУПНЫХ рыб от топового английского бренда GURU. Сами Англичане делали это удилище с пометкой \"для коммерческих водоемов\", так как очень часто ловят карпов в частных водоемах, такая у них культура. В удилище заложена мощь, которая выражается в возможностях дальних и мощных забросов с одной стороны, а так же в сдерживании рыбы на вываживании с другой. Именно поэтому в названии удилища фигурирует слово “Power”, что дословно переводится как МОЩЬ / СИЛА. \r\n\r\nЧто сразу бросается в глаза?\r\n1. Транспортная длина 1,9м\r\n2. Крупные кольца на квивертипах, чего так не хватает!\r\n\r\nВ российских реалиях бланк быстро нашел применение, это все так же коммерческие водоемы с карпами, однако бланк стали применять спортсмены и продвинутые любители для рыбалок на дальних дистанциях на водохранилищах и реках на леща. Он отлично подходит как для флета, так и для классической фидерной ловли.\r\n\r\nКвивертипы 1,5 oz, 2 oz, 3 oz",
        "short_features": "",
        "price": "645.56",
        "available": true,
        "created": "2026-04-01T17:17:16.779Z",
        "updated": "2026-04-01T17:17:16.821Z"
    }
},
{
    "model": "shop.product",
    "pk": 16,
    "fields": {
        "category": 11,
        "name": "Леска FLAGMAN Force Active Carp Feeder Main Line 150м 0,355мм",
        "slug": "leska-flagman-force-active-carp-feeder-main-line-150m-0355mm",
        "image": "products/2026/04/02/leska-flagman-force-active-carp-feeder-main-line-150m_oO37PIN.jpg",
        "description": "Flagman Force Active Carp Feeder Main Line – монофильная леска для широкого круга рыболовов, изготовленная по японским технологиям из современных полимеров. Предназначена для использования в качестве основной лески на карп-фидерной снасти. Отличается гладкой поверхностью и средней жесткостью, что позволяет выполнять дальние и точные забросы оснастки. К достоинствам Force Active Carp Feeder Main Line также можно отнести минимальную растяжимость, устойчивость к абразиву, высокую прочность, в том числе и на узлах, минимальный коэффициент памяти. Специальная флюоресцентная окраска позволяет отлично видеть ее в условиях слабой освещенности. Леска Flagman Force Active Carp Feeder Main Line выпускается в наиболее востребованных диаметрах и размотке 150 м.",
        "short_features": "Диаметр 0.355 мм Диаметр (диапазон) 0.3 до 0.4 мм Материал Леска Плавучесть тонущая Размотка 150 м Разрывная нагрузка 9 кг Тест 19.8 lb Цвет Fluo Yellow",
        "price": "3.02",
        "available": true,
        "created": "2026-04-02T18:19:47.307Z",
        "updated": "2026-04-02T18:19:47.307Z"
    }
},
{
    "model": "shop.product",
    "pk": 17,
    "fields": {
        "category": 11,
        "name": "ELEGANCE FEEDER PRO Леска 275м Black 0,18мм 4,05кг",
        "slug": "elegance-feeder-pro-leska-275m-black-018mm-405kg",
        "image": "products/2026/04/07/e2ec4a314df0a0703c3feb7a325ffe02-800x800.jpg",
        "description": "Первоклассная тонущая леска последнего поколения, специально предназначенная для фидерной рыбалки. Обладает высокой грузоподъемностью, мягкостью и износостойкостью. Рыбалка с леской такого качества-настоящее удовольствие!",
        "short_features": "Диаметр 0.355 мм Диаметр (диапазон) 0.3 до 0.4 мм Материал Леска Плавучесть тонущая Размотка 150 м Разрывная нагрузка 9 кг Тест 19.8 lb Цвет Fluo Yellow",
        "price": "14.97",
        "available": true,
        "created": "2026-04-07T11:56:32.659Z",
        "updated": "2026-04-07T11:56:32.659Z"
    }
},
{
    "model": "shop.product",
    "pk": 18,
    "fields": {
        "category": 11,
        "name": "ELEGANCE METHOD Леска Lusson Fast Sinking Feeder 300м 0,26мм 6,27кг",
        "slug": "elegance-method-leska-lusson-fast-sinking-feeder-300m-026mm-627kg",
        "image": "products/2026/04/07/8729227bcded7b4dfe7f55056c882f16-800x800.jpg",
        "description": "Быстротонущая монофильная леска последнего поколения в коричневом цвете, специально разработанная для нужд современного фидерного способа ловли. Она изготовлена из высочайшего качества японского сополимера, имеет высокую разрывную нагрузку на узле, высокую эластичность, мягкость и отличную стойкость на износ. Высококлассная монофильная леска, идеальная для всех ситуации при фидерной или методной ловле!",
        "short_features": "Диаметр 0.355 мм Диаметр (диапазон) 0.3 до 0.4 мм Материал Леска Плавучесть тонущая Размотка 150 м Разрывная нагрузка 9 кг Тест 19.8 lb Цвет Fluo Yellow",
        "price": "26.72",
        "available": true,
        "created": "2026-04-07T12:03:02.257Z",
        "updated": "2026-04-07T12:03:02.258Z"
    }
},
{
    "model": "shop.product",
    "pk": 19,
    "fields": {
        "category": 10,
        "name": "Шнур DAIWA J-Braid x4 0,15mm 6,9kg 270m dg",
        "slug": "shnur-daiwa-j-braid-x4-015mm-69kg-270m-dg",
        "image": "products/2026/04/07/shnur-daiwa-j-braid-x4-0-13mm-5-9kg-270m-dg-12741-113-f-fishing-by-1_GqBC6rp.jpg",
        "description": "Новый 4х жильный шнур DAIWA J-Braid — шнур высокого класса с удивительным соотношением цены и качества. Качество плетения полностью соответствует японским стандартам. Представленные диаметры позволяют использовать шнур для всех техник ловли, начиная от ultra-light ловли окуня, до морской ловли палтуса, трески и т.дчетырехжильное плетение высокая прочностькруглое сечениевысокая износостойкостьне растягиваетсясделано в Японии",
        "short_features": "Диаметр 0,13 мм Количество волокон 4 шт Материал PE Разрывная нагрузка 5,9 кг Цвет Dark Green",
        "price": "43.98",
        "available": true,
        "created": "2026-04-07T12:54:39.961Z",
        "updated": "2026-04-07T12:54:39.961Z"
    }
},
{
    "model": "shop.product",
    "pk": 20,
    "fields": {
        "category": 10,
        "name": "Шнур плетеный AZURA X Game PE Х8 150м Fiery Red #0,6 0,128мм 4,5кг 10,0lb",
        "slug": "shnur-pletenyj-azura-x-game-pe-h8-150m-fiery-red-06-0128mm-45kg-100lb",
        "image": "products/2026/04/07/b30b52938530e76b5b126bb62f5b9908-800x800.jpg",
        "description": "Azura X-Game PE X8 – высококлассный 8-жильный шнур, изготовленный из высокомолекулярного полиэтилена (РЕ). Имеет круглое сечение, ровную, гладкую и очень скользкую поверхность. Передовая технология плетения WX8 обеспечивает Azura X-Game PE X8 максимальную прочность. Шнур супермягкий, не шумит в кольцах как при забросе, так и во время проводки. Важной отличительной чертой является уникальный способ окраски шнура, при котором красящий пигмент внесен непосредственно в структуру материала, благодаря чему шнур сохраняет первоначальный цвет на протяжении всего срока эксплуатации не выцветая. Кроме того, специальная обработка поверхности Azura X-Game PE X8 обеспечивает высокую абразивоустойчивость, препятствует перекручиванию шнура. Отличительной чертой также является точное соответствие реальных разрывных нагрузок заявленным. Шнур X-Game PE X8 обеспечивает высокую чувствительность и дальний заброс, является прекрасным выбором для любителей спиннинговой ловли.",
        "short_features": "иаметр - 0,128 мм Количество волокон - 8 шт Материал - PE Разрывная нагрузка - 4,5 кг Цвет - Fiery Red",
        "price": "80.03",
        "available": true,
        "created": "2026-04-07T13:00:45.923Z",
        "updated": "2026-04-07T13:00:45.923Z"
    }
},
{
    "model": "shop.product",
    "pk": 21,
    "fields": {
        "category": 10,
        "name": "Шнур плетеный GURU Pulse 8 Braid 0,10мм 150м",
        "slug": "shnur-pletenyj-guru-pulse-8-braid-010mm-150m",
        "image": "products/2026/04/07/f2ce2580e157eb37bd4352dd88ba55da-800x800.jpg",
        "description": "Pulse 8 это 8-жильный плетеный шнур. 8-жильный означает, что для его производства используется восемь надежно сплетенных крепких нитей, а не, как обычно, четыре, что выдает гибкий, ультратонкий, сверхкрепкий плетеный шнур. Идеален для фидерной ловли на кормушки или бомбы, когда чуткость и прямой контакт со снастью критичен. Также это лучший шнур для дальнего заброса.",
        "short_features": "Диаметр 0,10 мм Количество волокон 8",
        "price": "148.05",
        "available": true,
        "created": "2026-04-07T13:03:47.032Z",
        "updated": "2026-04-07T13:03:47.032Z"
    }
},
{
    "model": "shop.product",
    "pk": 22,
    "fields": {
        "category": 12,
        "name": "Крючки FLAGMAN Allround Classic №10 10шт",
        "slug": "kryuchki-flagman-allround-classic-10-10sht",
        "image": "products/2026/04/07/64e72fe2a5ec7ab5b53738c378190e83-800x800.jpg",
        "description": "В 2017 году компания Flagman представила линейку крючков, изготовленных в Японии. Они отличаются высочайшим качеством и удовлетворяют самым жестким требованиям. Широкий модельный ряд позволит подобрать оптимальные крючки для ловли любой белой рыбы в самых различных условиях.",
        "short_features": "Вид крепления - Лопатка Диаметр проволоки - 0.41 мм Вид ловли - Поплавочная, Фидерная Количество - 10 шт. Номер - 10",
        "price": "4.29",
        "available": true,
        "created": "2026-04-07T13:07:38.086Z",
        "updated": "2026-04-07T13:07:38.086Z"
    }
},
{
    "model": "shop.product",
    "pk": 23,
    "fields": {
        "category": 12,
        "name": "Крючки FLAGMAN Feeder №14 10шт",
        "slug": "kryuchki-flagman-feeder-14-10sht",
        "image": "products/2026/04/07/219e6911a4e771191a422430566e9dde-800x800.jpg",
        "description": "Крючки Flagman Feeder — новая серия крючков 2018 г., изготовленных по японским технологиям. Крючки отличаются высочайшим качеством и удовлетворяют самым жестким требованиям. Широкий модельный ряд позволит подобрать оптимальные крючки для ловли любой белой рыбы в самых различных условиях.Крючки Flagman Feeder предназначены для фидерной ловли, хотя они великолепно подойдут и для поплавочной удочки. Крючок имеет круглое ушко, короткое цевье и сверхострое жало, слегка загнутое внутрь (что гарантирует отличную засечку). Доступны в размерах № 10, 12, 14, 16, 18. В упаковке — 10 шт.",
        "short_features": "Вид крепления - Колечко Вид ловли - Карповая, Фидерная Количество - 10 шт. Номер - 14 Покрытие - Black Nickel",
        "price": "2.34",
        "available": true,
        "created": "2026-04-07T13:11:00.848Z",
        "updated": "2026-04-07T13:11:00.848Z"
    }
},
{
    "model": "shop.product",
    "pk": 24,
    "fields": {
        "category": 12,
        "name": "Крючки FLAGMAN Dynamic Feeder №12 10шт",
        "slug": "kryuchki-flagman-dynamic-feeder-12-10sht",
        "image": "products/2026/04/07/993c26484d02385cf8a66ea36c3e67ec-800x800.jpg",
        "description": "В 2017 году компания Flagman представила линейку крючков, изготовленных в Японии. Они отличаются высочайшим качеством и удовлетворяют самым жестким требованиям. Широкий модельный ряд позволит подобрать оптимальные крючки для ловли любой белой рыбы в самых различных условиях.",
        "short_features": "Вид крепления - Лопатка Диаметр проволоки - 0.48 мм Вид ловли - Фидерная Количество - 10 шт. Номер - 12",
        "price": "4.29",
        "available": true,
        "created": "2026-04-07T13:13:17.667Z",
        "updated": "2026-04-07T13:13:17.667Z"
    }
},
{
    "model": "shop.product",
    "pk": 25,
    "fields": {
        "category": 3,
        "name": "ELEGANCE FEEDER PRO Кормушка фидерная Maggot для опарыша 46х32х74мм 100г",
        "slug": "elegance-feeder-pro-kormushka-fidernaya-maggot-dlya-oparysha-46h32h74mm-100g",
        "image": "products/2026/04/07/432015780e938e0c9630ec3d2b530e49-800x800.jpg",
        "description": "Закрытая кормушка для опарыша. Размер выходных отверстий, можно регулировать по Вашему усмотрению.",
        "short_features": "Вес - 100 гр Вид ловли - Фидерная Количество в упаковке, шт - 2 Размер - 46х32х74 мм",
        "price": "11.32",
        "available": true,
        "created": "2026-04-07T13:16:11.283Z",
        "updated": "2026-04-07T13:16:11.283Z"
    }
},
{
    "model": "shop.product",
    "pk": 26,
    "fields": {
        "category": 3,
        "name": "Кормушка фидерная C+ TL30",
        "slug": "kormushka-fidernaya-c-tl30",
        "image": "products/2026/04/07/660a9db21fea9_Kormushka-C-Triton-Medium-800x800.jpg",
        "description": "",
        "short_features": "Вес 40 гр Размер Medium",
        "price": "3.90",
        "available": true,
        "created": "2026-04-07T13:18:20.721Z",
        "updated": "2026-04-07T13:18:20.721Z"
    }
},
{
    "model": "shop.product",
    "pk": 27,
    "fields": {
        "category": 3,
        "name": "Кормушка фидерная Vegas \"овал\" large 42 г",
        "slug": "kormushka-fidernaya-vegas-oval-large-42-g",
        "image": "products/2026/04/07/kormushka-fidernaya-vegas-oval-large-f-fishing-800x800.jpg",
        "description": "Кормушки VEGAS – непревзойденная классика и легенда среди фидерных кормушек уже на протяжении более 15-ти лет. Кормушки фидерные Vegas изготовлены из прочного пластика, который не подвержен воздействию солнца и воды. Прочный и гибкий корпус кормушек никогда не сломается и не пересохнет. Качественная фурнитура, применяемая при производстве, выдержит самые максимальные нагрузки при забросе. Вероятно, Кормушки Vegas - самые универсальные фидерные кормушки из всех существующих. Они обладают высокой эффективностью при ловле на больших глубинах, будь то пруды, озера или реки. Они легко поднимается в толще воды, помогая нам в ситуациях, когда мы сталкиваемся с резкими бровками, корягами и водной растительностью. Кормушки VEGAS – проверенный спутник на фидерной рыбалке!",
        "short_features": "Вес - 42 гр Материал - Пластик Размер - Large Размер корзины - 39x34 мм Форма - Овал",
        "price": "3.20",
        "available": true,
        "created": "2026-04-07T13:22:12.388Z",
        "updated": "2026-04-07T13:22:12.388Z"
    }
},
{
    "model": "shop.product",
    "pk": 28,
    "fields": {
        "category": 5,
        "name": "Прикормка рыболовная пеллетс NICK BAITS GOLD FF 10 мм",
        "slug": "prikormka-rybolovnaya-pellets-nick-baits-gold-ff-10-mm-korolevskaya-sliva-1-kg",
        "image": "products/2026/04/07/prikormka-rybolovnaya-pellets-nick-baits-gold.jpg",
        "description": "NICK BAITS GOLD PELLETS FISHFRUITS– это спортивная серия карпового пеллетса на основе одноименного вареного бойла длительного действия. Пеллетс продуман так, что его структура достаточно плотная, чтобы долго не растворятся в воде и держать форму. Такой пеллетс работает так же как бойл и может долго находится в точке ловли, и мелкая рыба не сможет его съесть. В рецептуре данной серии собрано сбалансированное содержание животных и растительных белков, углеводов и аминокислот. Очень удобно использовать пеллетс в спод-миксе. Учитывая то, что он отличается от бойла только формой и фракцией, не нужно делать лишние процессы: дробить бойл или резать его. Вкусовые и ароматические компоненты работают очень долго, потому что запечатаны внутри плотного наружного слоя. Рекомендуется использовать в сочетании с кормами быстрого действия.",
        "short_features": "Размер - 10 мм",
        "price": "18.00",
        "available": true,
        "created": "2026-04-07T13:28:41.954Z",
        "updated": "2026-04-07T13:28:41.954Z"
    }
},
{
    "model": "shop.product",
    "pk": 29,
    "fields": {
        "category": 5,
        "name": "Прикормка рыболовная пеллетс NICK BAITS GOLD",
        "slug": "prikormka-rybolovnaya-pellets-nick-baits-gold",
        "image": "products/2026/04/07/prikormka-rybolovnaya-pellets-nick-baits-gold-ff-10-mm-tigrovy.jpg",
        "description": "NICK BAITS GOLD PELLETS FISHFRUITS– это спортивная серия карпового пеллетса на основе одноименного вареного бойла длительного действия. Пеллетс продуман так, что его структура достаточно плотная, чтобы долго не растворятся в воде и держать форму. Такой пеллетс работает так же как бойл и может долго находится в точке ловли, и мелкая рыба не сможет его съесть. В рецептуре данной серии собрано сбалансированное содержание животных и растительных белков, углеводов и аминокислот. Очень удобно использовать пеллетс в спод-миксе. Учитывая то, что он отличается от бойла только формой и фракцией, не нужно делать лишние процессы: дробить бойл или резать его. Вкусовые и ароматические компоненты работают очень долго, потому что запечатаны внутри плотного наружного слоя. Рекомендуется использовать в сочетании с кормами быстрого действия.",
        "short_features": "Размер 10 мм",
        "price": "18.00",
        "available": true,
        "created": "2026-04-07T14:40:38.984Z",
        "updated": "2026-04-07T14:40:38.985Z"
    }
},
{
    "model": "shop.productvariation",
    "pk": 1,
    "fields": {
        "product": 16,
        "value": "0.255 мм"
    }
},
{
    "model": "shop.productvariation",
    "pk": 2,
    "fields": {
        "product": 16,
        "value": "0.305 мм"
    }
},
{
    "model": "shop.productvariation",
    "pk": 3,
    "fields": {
        "product": 16,
        "value": "0.355 мм"
    }
},
{
    "model": "shop.productvariation",
    "pk": 4,
    "fields": {
        "product": 17,
        "value": "0,18мм"
    }
},
{
    "model": "shop.productvariation",
    "pk": 5,
    "fields": {
        "product": 18,
        "value": "0.26 мм"
    }
},
{
    "model": "shop.productvariation",
    "pk": 6,
    "fields": {
        "product": 18,
        "value": "0,20 мм"
    }
},
{
    "model": "shop.productvariation",
    "pk": 7,
    "fields": {
        "product": 18,
        "value": "0.23 мм"
    }
},
{
    "model": "shop.productvariation",
    "pk": 8,
    "fields": {
        "product": 19,
        "value": "0,13 мм"
    }
},
{
    "model": "shop.productvariation",
    "pk": 9,
    "fields": {
        "product": 19,
        "value": "0,15 мм"
    }
},
{
    "model": "shop.productvariation",
    "pk": 10,
    "fields": {
        "product": 20,
        "value": "0,128 мм"
    }
},
{
    "model": "shop.productvariation",
    "pk": 11,
    "fields": {
        "product": 20,
        "value": "0,235 мм"
    }
},
{
    "model": "shop.productvariation",
    "pk": 12,
    "fields": {
        "product": 20,
        "value": "0,205 мм"
    }
},
{
    "model": "shop.productvariation",
    "pk": 13,
    "fields": {
        "product": 21,
        "value": "0,10 мм"
    }
},
{
    "model": "shop.productvariation",
    "pk": 14,
    "fields": {
        "product": 21,
        "value": "0,08 мм"
    }
},
{
    "model": "shop.productvariation",
    "pk": 15,
    "fields": {
        "product": 21,
        "value": "0,12 мм"
    }
},
{
    "model": "shop.productvariation",
    "pk": 16,
    "fields": {
        "product": 22,
        "value": "10"
    }
},
{
    "model": "shop.productvariation",
    "pk": 17,
    "fields": {
        "product": 22,
        "value": "12"
    }
},
{
    "model": "shop.productvariation",
    "pk": 18,
    "fields": {
        "product": 22,
        "value": "14"
    }
},
{
    "model": "shop.productvariation",
    "pk": 19,
    "fields": {
        "product": 22,
        "value": "16"
    }
},
{
    "model": "shop.productvariation",
    "pk": 20,
    "fields": {
        "product": 23,
        "value": "14"
    }
},
{
    "model": "shop.productvariation",
    "pk": 21,
    "fields": {
        "product": 23,
        "value": "16"
    }
},
{
    "model": "shop.productvariation",
    "pk": 22,
    "fields": {
        "product": 23,
        "value": "6"
    }
},
{
    "model": "shop.productvariation",
    "pk": 23,
    "fields": {
        "product": 24,
        "value": "12"
    }
},
{
    "model": "shop.productvariation",
    "pk": 24,
    "fields": {
        "product": 24,
        "value": "14"
    }
},
{
    "model": "shop.productvariation",
    "pk": 25,
    "fields": {
        "product": 24,
        "value": "16"
    }
},
{
    "model": "shop.productvariation",
    "pk": 26,
    "fields": {
        "product": 24,
        "value": "18"
    }
},
{
    "model": "shop.productvariation",
    "pk": 27,
    "fields": {
        "product": 25,
        "value": "100 гр"
    }
},
{
    "model": "shop.productvariation",
    "pk": 28,
    "fields": {
        "product": 25,
        "value": "80 гр"
    }
},
{
    "model": "shop.productvariation",
    "pk": 29,
    "fields": {
        "product": 25,
        "value": "120 гр"
    }
},
{
    "model": "shop.productvariation",
    "pk": 30,
    "fields": {
        "product": 26,
        "value": "30 гр"
    }
},
{
    "model": "shop.productvariation",
    "pk": 31,
    "fields": {
        "product": 26,
        "value": "40 гр"
    }
},
{
    "model": "shop.productvariation",
    "pk": 32,
    "fields": {
        "product": 27,
        "value": "42 гр"
    }
},
{
    "model": "shop.productvariation",
    "pk": 33,
    "fields": {
        "product": 27,
        "value": "22 гр"
    }
},
{
    "model": "shop.productvariation",
    "pk": 34,
    "fields": {
        "product": 27,
        "value": "30 гр"
    }
},
{
    "model": "shop.productvariation",
    "pk": 35,
    "fields": {
        "product": 27,
        "value": "56 гр"
    }
},
{
    "model": "shop.productimage",
    "pk": 3,
    "fields": {
        "product": 3,
        "image": "products/gallery/2026/03/21/katushka-carp-pro-d-carp-6000-fs-cpdcn6fs-f-fishing-by-2-304_RYWNePH.jpg"
    }
},
{
    "model": "shop.productimage",
    "pk": 4,
    "fields": {
        "product": 3,
        "image": "products/gallery/2026/03/21/katushka-carp-pro-d-carp-6000-fs-cpdcn6fs-f-fishing-by-5-822_gou2m8V.jpg"
    }
},
{
    "model": "shop.productimage",
    "pk": 5,
    "fields": {
        "product": 4,
        "image": "products/gallery/2026/03/25/katushka-carp-pro-torus-cast-60002.jpg"
    }
},
{
    "model": "shop.productimage",
    "pk": 6,
    "fields": {
        "product": 4,
        "image": "products/gallery/2026/03/25/katushka-carp-pro-torus-cast-60003.jpg"
    }
},
{
    "model": "shop.productimage",
    "pk": 7,
    "fields": {
        "product": 5,
        "image": "products/gallery/2026/03/25/elegance-method-katushka-fidernaya-accela-distance2.jpg"
    }
},
{
    "model": "shop.productimage",
    "pk": 8,
    "fields": {
        "product": 5,
        "image": "products/gallery/2026/03/25/elegance-method-katushka-fidernaya-accela-distance-feeder-65003.jpg"
    }
},
{
    "model": "shop.productimage",
    "pk": 9,
    "fields": {
        "product": 6,
        "image": "products/gallery/2026/03/25/49a9baecc8c982893a1fdca5ef24b79c-800x8001.jpeg"
    }
},
{
    "model": "shop.productimage",
    "pk": 10,
    "fields": {
        "product": 6,
        "image": "products/gallery/2026/03/25/e76e1fb20a44309b206962ab5d6a516b-800x8003.jpeg"
    }
},
{
    "model": "shop.productimage",
    "pk": 11,
    "fields": {
        "product": 7,
        "image": "products/gallery/2026/03/25/katushka-fidernaya-flagman-mascot-feeder-40001.jpg"
    }
},
{
    "model": "shop.productimage",
    "pk": 12,
    "fields": {
        "product": 7,
        "image": "products/gallery/2026/03/25/katushka-fidernaya-flagman-mascot-feeder-40003.jpg"
    }
},
{
    "model": "shop.productimage",
    "pk": 13,
    "fields": {
        "product": 8,
        "image": "products/gallery/2026/03/25/katushka-carp-pro-blackpool-powe1.jpg"
    }
},
{
    "model": "shop.productimage",
    "pk": 14,
    "fields": {
        "product": 8,
        "image": "products/gallery/2026/03/25/katushka-carp-pro-blackpool-power-feeder-6500.jpg"
    }
},
{
    "model": "shop.productimage",
    "pk": 15,
    "fields": {
        "product": 9,
        "image": "products/gallery/2026/03/25/elegance-feeder-pro-katushka-fidernaya-v2-45001.jpg"
    }
},
{
    "model": "shop.productimage",
    "pk": 16,
    "fields": {
        "product": 9,
        "image": "products/gallery/2026/03/25/elegance-feeder-pro-katushka-fidernaya-v2-45006.jpg"
    }
},
{
    "model": "shop.productimage",
    "pk": 17,
    "fields": {
        "product": 10,
        "image": "products/gallery/2026/03/25/udilische-fidernoe-carp-pro-torus-carp-feeder-330-1301.jpg"
    }
},
{
    "model": "shop.productimage",
    "pk": 18,
    "fields": {
        "product": 10,
        "image": "products/gallery/2026/03/25/udilische-fidernoe-carp-pro-torus-carp-feeder-330-1303.jpg"
    }
},
{
    "model": "shop.productimage",
    "pk": 19,
    "fields": {
        "product": 10,
        "image": "products/gallery/2026/03/25/udilische-fidernoe-carp-pro-torus-carp-feeder-330-1304.jpg"
    }
},
{
    "model": "shop.productimage",
    "pk": 20,
    "fields": {
        "product": 11,
        "image": "products/gallery/2026/03/25/udilische-fidernoe-flagman-cast-master-method-feeder-360-100g.jpg"
    }
},
{
    "model": "shop.productimage",
    "pk": 21,
    "fields": {
        "product": 11,
        "image": "products/gallery/2026/03/25/udilische-fidernoe-flagman-cast-master-method-feeder-360-100g1.jpg"
    }
},
{
    "model": "shop.productimage",
    "pk": 22,
    "fields": {
        "product": 11,
        "image": "products/gallery/2026/03/25/udilische-fidernoe-flagman-cast-master-method-feeder-360-100gr3.jpg"
    }
},
{
    "model": "shop.productimage",
    "pk": 23,
    "fields": {
        "product": 13,
        "image": "products/gallery/2026/03/31/afd45cab22eaec1ca8afe4e7b775d5fb-800x800.jpg"
    }
},
{
    "model": "shop.productimage",
    "pk": 24,
    "fields": {
        "product": 13,
        "image": "products/gallery/2026/03/31/a30ddb1eab614ab333459fe442cc0c1e-800x800.jpg"
    }
},
{
    "model": "shop.productimage",
    "pk": 25,
    "fields": {
        "product": 13,
        "image": "products/gallery/2026/03/31/51b98aa73d4b7aa85954a53f5f82770b-800x800.jpg"
    }
},
{
    "model": "shop.productimage",
    "pk": 26,
    "fields": {
        "product": 14,
        "image": "products/gallery/2026/03/31/1442901-800x800.jpg"
    }
},
{
    "model": "shop.productimage",
    "pk": 27,
    "fields": {
        "product": 14,
        "image": "products/gallery/2026/03/31/1442886-800x800.jpg"
    }
},
{
    "model": "shop.productimage",
    "pk": 28,
    "fields": {
        "product": 15,
        "image": "products/gallery/2026/03/31/udilische-guru-n-gauge-power-feeder-rod-12ft-3-.jpg"
    }
},
{
    "model": "shop.productimage",
    "pk": 29,
    "fields": {
        "product": 15,
        "image": "products/gallery/2026/03/31/udilische-guru-n-gauge-power-feeder-rod-12.jpg"
    }
},
{
    "model": "shop.productimage",
    "pk": 30,
    "fields": {
        "product": 15,
        "image": "products/gallery/2026/03/31/udilische-guru-n-gauge-power-feeder-rod-12ft-.jpg"
    }
},
{
    "model": "shop.productimage",
    "pk": 31,
    "fields": {
        "product": 16,
        "image": "products/gallery/2026/04/02/leska-flagman-force-active-carp-feeder-main-line-150m-0-355m_wzC9YlB.jpg"
    }
},
{
    "model": "shop.productimage",
    "pk": 32,
    "fields": {
        "product": 20,
        "image": "products/gallery/2026/04/07/6f19b10b06e35a354d44d74d261235aa-800x800.jpg"
    }
},
{
    "model": "shop.productimage",
    "pk": 33,
    "fields": {
        "product": 21,
        "image": "products/gallery/2026/04/07/5a3597f44dbedf03061e39618e1ca4e2-800x800.jpg"
    }
},
{
    "model": "shop.productimage",
    "pk": 34,
    "fields": {
        "product": 21,
        "image": "products/gallery/2026/04/07/a5e1fdcdc96b16128da00ba8a0fde0e8-800x800.jpg"
    }
},
{
    "model": "shop.productimage",
    "pk": 35,
    "fields": {
        "product": 22,
        "image": "products/gallery/2026/04/07/f31b0bcc9000a59785baee435f5a362d-800x800.jpg"
    }
},
{
    "model": "shop.productimage",
    "pk": 36,
    "fields": {
        "product": 23,
        "image": "products/gallery/2026/04/07/28130eb7b327a7c4368f2994693a1c76-800x800.jpg"
    }
},
{
    "model": "shop.productimage",
    "pk": 37,
    "fields": {
        "product": 24,
        "image": "products/gallery/2026/04/07/b4e6a7a6b0f4a3d6b456247c1926b7b5-800x800.jpg"
    }
},
{
    "model": "shop.productimage",
    "pk": 38,
    "fields": {
        "product": 25,
        "image": "products/gallery/2026/04/07/e3c43088002a6b6fdac8e4aeebc93d0a-800x800.jpg"
    }
},
{
    "model": "shop.productimage",
    "pk": 39,
    "fields": {
        "product": 27,
        "image": "products/gallery/2026/04/07/kormushka-fidernaya-vegas-oval-large-f-fishing-2-800x800.jpg"
    }
},
{
    "model": "shop.productimage",
    "pk": 40,
    "fields": {
        "product": 27,
        "image": "products/gallery/2026/04/07/kormushka-fidernaya-vegas-oval-large-f-fishing-1-800x800.jpg"
    }
},
{
    "model": "shop.productimage",
    "pk": 41,
    "fields": {
        "product": 28,
        "image": "products/gallery/2026/04/07/prikormka-rybolovnaya-pellets-nick-baits-gold-ff-10-mm-.jpg"
    }
},
{
    "model": "shop.productimage",
    "pk": 42,
    "fields": {
        "product": 28,
        "image": "products/gallery/2026/04/07/prikormka-rybolovnaya-pellets-nick-.jpg"
    }
},
{
    "model": "shop.productimage",
    "pk": 43,
    "fields": {
        "product": 29,
        "image": "products/gallery/2026/04/07/prikormka-rybolovnaya-pellets-nick-baits-gold-ff-10-mm-tigro_SrUWr1m.jpg"
    }
},
{
    "model": "shop.productimage",
    "pk": 44,
    "fields": {
        "product": 29,
        "image": "products/gallery/2026/04/07/prikormka-rybolovnaya-pellets-nick-baits-gold-ff-10-mm-tigro_KlVDaH7.jpg"
    }
},
{
    "model": "blog.post",
    "pk": 1,
    "fields": {
        "title": "Забудьте про бесклевье! 5 хитрых уловок, чтобы натаскать гору леща этой весной",
        "author": [
            "Летун.Я.В"
        ],
        "content": "Весенний лещ — трофей капризный, но невероятно желанный. Как только сходит лед, многие мчатся на водоемы, надеясь на бешеный клев, но часто возвращаются с пустыми садками. Почему так происходит? Ответ прост: весной привычные летние схемы попросту не работают.\r\n\r\nЧтобы заставить леща клевать в ледяной воде, нужно перестроить тактику:\r\n\r\nИщите мелководье. Забудьте про глубокие русловые ямы до середины лета. Весной вода быстрее всего прогревается на отмелях (глубина 1-2 метра), и именно туда выходит греться и кормиться изголодавшаяся бель.\r\n\r\nПереходите на деликатную снасть. Вода сейчас кристально чистая, а рыба после зимы крайне осторожна. Ставьте тончайшие поводки (0.10–0.12 мм) и мелкие крючки из тонкой проволоки. Если ваш арсенал износился за прошлый сезон, загляните в IRON HOOK — там всегда можно подобрать качественную невидимую леску и правильную фурнитуру.\r\n\r\nЖивотная насадка — абсолютный царь. Никакой кукурузы, перловки или сладкого теста. В холодной воде лещу нужен чистый белок. Мотыль, опарыш, рубленый червь — вот ваши главные козыри.\r\n\r\nЗатемняйте прикормку. Светлое пятно корма на темном весеннем дне гарантированно отпугнет крупного и осторожного леща. Используйте специальные черные смеси или просто добавляйте в прикормку просеянную землю из свежих кротовин.\r\n\r\nКормите мало, но вкусно. У весеннего леща замедленный метаболизм. Обильный закорм просто насытит рыбу, и она уйдет. Дайте ей немного мелкой, пылящей фракции с добавлением щепотки кормового мотыля.\r\n\r\nУдачной охоты за весенними «лопатами»!",
        "image": "blog_images/lovlya-leshcha-letom-16.jpg",
        "created_at": "2026-03-24T21:24:01.609Z"
    }
},
{
    "model": "blog.post",
    "pk": 2,
    "fields": {
        "title": "ТОП-3 убийственные наживки и секретная прикормка на леща: рвет садки даже в холодной воде!",
        "author": [
            "Летун.Я.В"
        ],
        "content": "Собрались за трофейным лещом, но не знаете, что предложить этой привередливой рыбе? Хватит выбрасывать деньги на бесполезные каши, которые только киснут на дне! Я собрал для вас список того, что работает безотказно именно сейчас.\r\n\r\nЛучшие наживки для холодной воды:\r\n\r\n«Бутерброд» из мотыля и опарыша. Классика, не знающая осечек. Насадите 3-4 крупных рубиновых мотыля и закройте их одним белым опарышем. Опарыш не даст мотылю слететь, а контраст цветов и активное шевеление быстро привлекут рыбу.\r\n\r\nМелкий навозный червь. Огромные выползки сейчас не нужны. Выбирайте самых мелких и юрких красных червей. Проколите его жалом в двух-трех местах — выделившийся сок сработает как отличный аттрактант.\r\n\r\nОпарыш с ароматом чеснока. В прохладной воде сладкие запахи (ваниль, клубника) работают слабо. А вот резкие, пряные ароматы — чеснок, кориандр или даже черный перец — способны спровоцировать на поклевку самую пассивную рыбу.\r\n\r\nСекретный рецепт прикормки:\r\n\r\nВам не нужны дорогие импортные ведра. Возьмите базовую лещовую смесь мелкого помола (без крупных частиц), обязательно затемните ее специальной краской или грунтом. А теперь главный секрет: добавьте прямо в готовую увлажненную смесь горсть молотого кориандра и щепотку сухой крови (альбумина). Этот животно-пряный шлейф сводит весеннего леща с ума! Все свежие ингредиенты для этого рецепта, от правильной базы до аттрактантов, можно легко собрать в каталоге IRON HOOK, чтобы не бегать по городу перед рыбалкой.\r\n\r\nНи хвоста, ни чешуи!",
        "image": "blog_images/OIP.webp",
        "created_at": "2026-03-24T21:33:35.473Z"
    }
},
{
    "model": "users.profile",
    "pk": 1,
    "fields": {
        "user": [
            "yanis"
        ],
        "phone": null
    }
},
{
    "model": "users.profile",
    "pk": 2,
    "fields": {
        "user": [
            "Летун.Я.В"
        ],
        "phone": null
    }
},
{
    "model": "users.profile",
    "pk": 3,
    "fields": {
        "user": [
            "gest"
        ],
        "phone": null
    }
},
{
    "model": "cart.cart",
    "pk": 1,
    "fields": {
        "user": [
            "yanis"
        ],
        "created_at": "2026-03-25T11:18:43.292Z"
    }
},
{
    "model": "cart.cart",
    "pk": 2,
    "fields": {
        "user": [
            "gest"
        ],
        "created_at": "2026-03-25T15:55:12.053Z"
    }
},
{
    "model": "cart.order",
    "pk": 1,
    "fields": {
        "user": [
            "yanis"
        ],
        "first_name": "Yanis",
        "last_name": "Letun",
        "email": "burning43arrow@gmail.com",
        "city": "Минск",
        "address": "г. Минск . Ленина 2- 48 (3-й подъезд)",
        "created": "2026-03-25T16:37:50.720Z",
        "paid": false
    }
},
{
    "model": "cart.order",
    "pk": 2,
    "fields": {
        "user": [
            "yanis"
        ],
        "first_name": "Yanis",
        "last_name": "Letun",
        "email": "burning43arrow@gmail.com",
        "city": "Минск",
        "address": "г. Минск . Ленина 2- 48 (3-й подъезд)",
        "created": "2026-03-25T16:39:57.647Z",
        "paid": false
    }
},
{
    "model": "cart.order",
    "pk": 3,
    "fields": {
        "user": [
            "yanis"
        ],
        "first_name": "Yanis",
        "last_name": "Letun",
        "email": "burning43arrow@gmail.com",
        "city": "Минск",
        "address": "г. Минск . Ленина 2- 48 (3-й подъезд)",
        "created": "2026-04-06T14:50:49.452Z",
        "paid": false
    }
},
{
    "model": "cart.order",
    "pk": 4,
    "fields": {
        "user": [
            "yanis"
        ],
        "first_name": "Yanis",
        "last_name": "Letun",
        "email": "burning43arrow@gmail.com",
        "city": "Минск",
        "address": "г. Минск . Ленина 2- 48 (3-й подъезд)",
        "created": "2026-04-07T16:08:50.347Z",
        "paid": false
    }
},
{
    "model": "cart.order",
    "pk": 5,
    "fields": {
        "user": [
            "yanis"
        ],
        "first_name": "Yanis",
        "last_name": "Letun",
        "email": "burning43arrow@gmail.com",
        "city": "Минск",
        "address": "г. Минск . Ленина 2- 48 (3-й подъезд)",
        "created": "2026-04-07T16:22:58.447Z",
        "paid": false
    }
},
{
    "model": "cart.order",
    "pk": 6,
    "fields": {
        "user": [
            "gest"
        ],
        "first_name": "Roma",
        "last_name": "Lushny",
        "email": "Lushny2@gmail.com",
        "city": "Минск",
        "address": "г. Минск . Матусевича 66-95 (1-й подъезд)",
        "created": "2026-04-07T16:25:14.168Z",
        "paid": false
    }
},
{
    "model": "cart.order",
    "pk": 7,
    "fields": {
        "user": [
            "gest"
        ],
        "first_name": "Roma",
        "last_name": "Lushny",
        "email": "Lushny2@gmail.com",
        "city": "Минск",
        "address": "г. Минск . Матусевича 66-95 (1-й подъезд)",
        "created": "2026-04-07T17:12:58.384Z",
        "paid": false
    }
},
{
    "model": "cart.orderitem",
    "pk": 1,
    "fields": {
        "order": 1,
        "product": 11,
        "variation": null,
        "price": "216.00",
        "quantity": 1
    }
},
{
    "model": "cart.orderitem",
    "pk": 2,
    "fields": {
        "order": 1,
        "product": 5,
        "variation": null,
        "price": "289.19",
        "quantity": 1
    }
},
{
    "model": "cart.orderitem",
    "pk": 3,
    "fields": {
        "order": 2,
        "product": 6,
        "variation": null,
        "price": "377.90",
        "quantity": 1
    }
},
{
    "model": "cart.orderitem",
    "pk": 4,
    "fields": {
        "order": 2,
        "product": 11,
        "variation": null,
        "price": "216.00",
        "quantity": 1
    }
},
{
    "model": "cart.orderitem",
    "pk": 5,
    "fields": {
        "order": 3,
        "product": 16,
        "variation": null,
        "price": "3.02",
        "quantity": 1
    }
},
{
    "model": "cart.orderitem",
    "pk": 6,
    "fields": {
        "order": 4,
        "product": 28,
        "variation": null,
        "price": "18.00",
        "quantity": 1
    }
},
{
    "model": "cart.orderitem",
    "pk": 7,
    "fields": {
        "order": 5,
        "product": 25,
        "variation": null,
        "price": "11.32",
        "quantity": 1
    }
},
{
    "model": "cart.orderitem",
    "pk": 8,
    "fields": {
        "order": 6,
        "product": 10,
        "variation": null,
        "price": "234.63",
        "quantity": 1
    }
},
{
    "model": "cart.orderitem",
    "pk": 9,
    "fields": {
        "order": 6,
        "product": 9,
        "variation": null,
        "price": "251.97",
        "quantity": 1
    }
},
{
    "model": "cart.orderitem",
    "pk": 10,
    "fields": {
        "order": 7,
        "product": 18,
        "variation": null,
        "price": "26.72",
        "quantity": 1
    }
},
{
    "model": "admin.logentry",
    "pk": 1,
    "fields": {
        "action_time": "2026-03-21T12:42:32.932Z",
        "user": [
            "yanis"
        ],
        "content_type": [
            "shop",
            "category"
        ],
        "object_id": "1",
        "object_repr": "Фидеры",
        "action_flag": 1,
        "change_message": "[{\"added\": {}}]"
    }
},
{
    "model": "admin.logentry",
    "pk": 2,
    "fields": {
        "action_time": "2026-03-21T12:42:45.033Z",
        "user": [
            "yanis"
        ],
        "content_type": [
            "shop",
            "category"
        ],
        "object_id": "2",
        "object_repr": "Катушки",
        "action_flag": 1,
        "change_message": "[{\"added\": {}}]"
    }
},
{
    "model": "admin.logentry",
    "pk": 3,
    "fields": {
        "action_time": "2026-03-21T12:43:04.080Z",
        "user": [
            "yanis"
        ],
        "content_type": [
            "shop",
            "category"
        ],
        "object_id": "3",
        "object_repr": "Кормушки",
        "action_flag": 1,
        "change_message": "[{\"added\": {}}]"
    }
},
{
    "model": "admin.logentry",
    "pk": 4,
    "fields": {
        "action_time": "2026-03-21T12:43:16.801Z",
        "user": [
            "yanis"
        ],
        "content_type": [
            "shop",
            "category"
        ],
        "object_id": "4",
        "object_repr": "Спининги",
        "action_flag": 1,
        "change_message": "[{\"added\": {}}]"
    }
},
{
    "model": "admin.logentry",
    "pk": 5,
    "fields": {
        "action_time": "2026-03-21T12:43:29.770Z",
        "user": [
            "yanis"
        ],
        "content_type": [
            "shop",
            "category"
        ],
        "object_id": "5",
        "object_repr": "Прикормки",
        "action_flag": 1,
        "change_message": "[{\"added\": {}}]"
    }
},
{
    "model": "admin.logentry",
    "pk": 6,
    "fields": {
        "action_time": "2026-03-21T12:43:38.875Z",
        "user": [
            "yanis"
        ],
        "content_type": [
            "shop",
            "category"
        ],
        "object_id": "6",
        "object_repr": "Воблеры",
        "action_flag": 1,
        "change_message": "[{\"added\": {}}]"
    }
},
{
    "model": "admin.logentry",
    "pk": 7,
    "fields": {
        "action_time": "2026-03-21T12:43:46.609Z",
        "user": [
            "yanis"
        ],
        "content_type": [
            "shop",
            "category"
        ],
        "object_id": "7",
        "object_repr": "Блесна",
        "action_flag": 1,
        "change_message": "[{\"added\": {}}]"
    }
},
{
    "model": "admin.logentry",
    "pk": 8,
    "fields": {
        "action_time": "2026-03-21T12:44:15.296Z",
        "user": [
            "yanis"
        ],
        "content_type": [
            "shop",
            "category"
        ],
        "object_id": "8",
        "object_repr": "Удочки",
        "action_flag": 1,
        "change_message": "[{\"added\": {}}]"
    }
},
{
    "model": "admin.logentry",
    "pk": 9,
    "fields": {
        "action_time": "2026-03-21T12:44:43.674Z",
        "user": [
            "yanis"
        ],
        "content_type": [
            "shop",
            "category"
        ],
        "object_id": "9",
        "object_repr": "поплавки",
        "action_flag": 1,
        "change_message": "[{\"added\": {}}]"
    }
},
{
    "model": "admin.logentry",
    "pk": 10,
    "fields": {
        "action_time": "2026-03-21T12:44:55.026Z",
        "user": [
            "yanis"
        ],
        "content_type": [
            "shop",
            "category"
        ],
        "object_id": "10",
        "object_repr": "шнуры",
        "action_flag": 1,
        "change_message": "[{\"added\": {}}]"
    }
},
{
    "model": "admin.logentry",
    "pk": 11,
    "fields": {
        "action_time": "2026-03-21T12:45:00.978Z",
        "user": [
            "yanis"
        ],
        "content_type": [
            "shop",
            "category"
        ],
        "object_id": "11",
        "object_repr": "леска",
        "action_flag": 1,
        "change_message": "[{\"added\": {}}]"
    }
},
{
    "model": "admin.logentry",
    "pk": 12,
    "fields": {
        "action_time": "2026-03-21T12:45:06.996Z",
        "user": [
            "yanis"
        ],
        "content_type": [
            "shop",
            "category"
        ],
        "object_id": "12",
        "object_repr": "крючки",
        "action_flag": 1,
        "change_message": "[{\"added\": {}}]"
    }
},
{
    "model": "admin.logentry",
    "pk": 13,
    "fields": {
        "action_time": "2026-03-21T12:45:14.843Z",
        "user": [
            "yanis"
        ],
        "content_type": [
            "shop",
            "category"
        ],
        "object_id": "13",
        "object_repr": "расходники",
        "action_flag": 1,
        "change_message": "[{\"added\": {}}]"
    }
},
{
    "model": "admin.logentry",
    "pk": 14,
    "fields": {
        "action_time": "2026-03-21T12:52:13.061Z",
        "user": [
            "yanis"
        ],
        "content_type": [
            "shop",
            "category"
        ],
        "object_id": "2",
        "object_repr": "Катушка THUNDER RD30 5+1BB 266 g MISTRALL",
        "action_flag": 2,
        "change_message": "[{\"changed\": {\"fields\": [\"\\u041d\\u0430\\u0437\\u0432\\u0430\\u043d\\u0438\\u0435 \\u043a\\u0430\\u0442\\u0435\\u0433\\u043e\\u0440\\u0438\\u0438\"]}}]"
    }
},
{
    "model": "admin.logentry",
    "pk": 15,
    "fields": {
        "action_time": "2026-03-21T12:52:44.903Z",
        "user": [
            "yanis"
        ],
        "content_type": [
            "shop",
            "category"
        ],
        "object_id": "2",
        "object_repr": "Катушки",
        "action_flag": 2,
        "change_message": "[{\"changed\": {\"fields\": [\"\\u041d\\u0430\\u0437\\u0432\\u0430\\u043d\\u0438\\u0435 \\u043a\\u0430\\u0442\\u0435\\u0433\\u043e\\u0440\\u0438\\u0438\"]}}]"
    }
},
{
    "model": "admin.logentry",
    "pk": 16,
    "fields": {
        "action_time": "2026-03-21T12:54:48.989Z",
        "user": [
            "yanis"
        ],
        "content_type": [
            "shop",
            "product"
        ],
        "object_id": "1",
        "object_repr": "Катушка THUNDER RD30 5+1BB 266 g MISTRALL",
        "action_flag": 1,
        "change_message": "[{\"added\": {}}]"
    }
},
{
    "model": "admin.logentry",
    "pk": 17,
    "fields": {
        "action_time": "2026-03-21T12:58:16.444Z",
        "user": [
            "yanis"
        ],
        "content_type": [
            "shop",
            "product"
        ],
        "object_id": "2",
        "object_repr": "Катушкa CARP PRO D-Carp 6000 FS",
        "action_flag": 1,
        "change_message": "[{\"added\": {}}]"
    }
},
{
    "model": "admin.logentry",
    "pk": 18,
    "fields": {
        "action_time": "2026-03-21T16:07:48.109Z",
        "user": [
            "yanis"
        ],
        "content_type": [
            "shop",
            "product"
        ],
        "object_id": "2",
        "object_repr": "Катушкa CARP PRO D-Carp 6000 FS",
        "action_flag": 2,
        "change_message": "[{\"added\": {\"name\": \"\\u0418\\u0437\\u043e\\u0431\\u0440\\u0430\\u0436\\u0435\\u043d\\u0438\\u0435 \\u0433\\u0430\\u043b\\u0435\\u0440\\u0435\\u0438\", \"object\": \"\\u0424\\u043e\\u0442\\u043e \\u0434\\u043b\\u044f \\u041a\\u0430\\u0442\\u0443\\u0448\\u043aa CARP PRO D-Carp 6000 FS\"}}, {\"added\": {\"name\": \"\\u0418\\u0437\\u043e\\u0431\\u0440\\u0430\\u0436\\u0435\\u043d\\u0438\\u0435 \\u0433\\u0430\\u043b\\u0435\\u0440\\u0435\\u0438\", \"object\": \"\\u0424\\u043e\\u0442\\u043e \\u0434\\u043b\\u044f \\u041a\\u0430\\u0442\\u0443\\u0448\\u043aa CARP PRO D-Carp 6000 FS\"}}]"
    }
},
{
    "model": "admin.logentry",
    "pk": 19,
    "fields": {
        "action_time": "2026-03-21T16:38:09.277Z",
        "user": [
            "yanis"
        ],
        "content_type": [
            "shop",
            "product"
        ],
        "object_id": "2",
        "object_repr": "Катушкa CARP PRO D-Carp 6000 FS",
        "action_flag": 3,
        "change_message": ""
    }
},
{
    "model": "admin.logentry",
    "pk": 20,
    "fields": {
        "action_time": "2026-03-21T16:38:15.694Z",
        "user": [
            "yanis"
        ],
        "content_type": [
            "shop",
            "product"
        ],
        "object_id": "1",
        "object_repr": "Катушка THUNDER RD30 5+1BB 266 g MISTRALL",
        "action_flag": 3,
        "change_message": ""
    }
},
{
    "model": "admin.logentry",
    "pk": 21,
    "fields": {
        "action_time": "2026-03-21T16:40:09.053Z",
        "user": [
            "yanis"
        ],
        "content_type": [
            "shop",
            "product"
        ],
        "object_id": "3",
        "object_repr": "Катушкa CARP PRO D-Carp 6000 FS",
        "action_flag": 1,
        "change_message": "[{\"added\": {}}, {\"added\": {\"name\": \"\\u0418\\u0437\\u043e\\u0431\\u0440\\u0430\\u0436\\u0435\\u043d\\u0438\\u0435 \\u0433\\u0430\\u043b\\u0435\\u0440\\u0435\\u0438\", \"object\": \"\\u0424\\u043e\\u0442\\u043e \\u0434\\u043b\\u044f \\u041a\\u0430\\u0442\\u0443\\u0448\\u043aa CARP PRO D-Carp 6000 FS\"}}, {\"added\": {\"name\": \"\\u0418\\u0437\\u043e\\u0431\\u0440\\u0430\\u0436\\u0435\\u043d\\u0438\\u0435 \\u0433\\u0430\\u043b\\u0435\\u0440\\u0435\\u0438\", \"object\": \"\\u0424\\u043e\\u0442\\u043e \\u0434\\u043b\\u044f \\u041a\\u0430\\u0442\\u0443\\u0448\\u043aa CARP PRO D-Carp 6000 FS\"}}]"
    }
},
{
    "model": "admin.logentry",
    "pk": 22,
    "fields": {
        "action_time": "2026-03-24T21:19:31.812Z",
        "user": [
            "yanis"
        ],
        "content_type": [
            "auth",
            "user"
        ],
        "object_id": "2",
        "object_repr": "Летун.Я.В",
        "action_flag": 1,
        "change_message": "[{\"added\": {}}]"
    }
},
{
    "model": "admin.logentry",
    "pk": 23,
    "fields": {
        "action_time": "2026-03-24T21:24:01.645Z",
        "user": [
            "yanis"
        ],
        "content_type": [
            "blog",
            "post"
        ],
        "object_id": "1",
        "object_repr": "Забудьте про бесклевье! 5 хитрых уловок, чтобы натаскать гору леща этой весной",
        "action_flag": 1,
        "change_message": "[{\"added\": {}}]"
    }
},
{
    "model": "admin.logentry",
    "pk": 24,
    "fields": {
        "action_time": "2026-03-24T21:33:35.477Z",
        "user": [
            "yanis"
        ],
        "content_type": [
            "blog",
            "post"
        ],
        "object_id": "2",
        "object_repr": "ТОП-3 убийственные наживки и секретная прикормка на леща: рвет садки даже в холодной воде!",
        "action_flag": 1,
        "change_message": "[{\"added\": {}}]"
    }
},
{
    "model": "admin.logentry",
    "pk": 25,
    "fields": {
        "action_time": "2026-03-25T11:09:47.316Z",
        "user": [
            "yanis"
        ],
        "content_type": [
            "shop",
            "product"
        ],
        "object_id": "4",
        "object_repr": "Катушка CARP PRO Torus Cast 6000 SD",
        "action_flag": 1,
        "change_message": "[{\"added\": {}}, {\"added\": {\"name\": \"\\u0418\\u0437\\u043e\\u0431\\u0440\\u0430\\u0436\\u0435\\u043d\\u0438\\u0435 \\u0433\\u0430\\u043b\\u0435\\u0440\\u0435\\u0438\", \"object\": \"\\u0424\\u043e\\u0442\\u043e \\u0434\\u043b\\u044f \\u041a\\u0430\\u0442\\u0443\\u0448\\u043a\\u0430 CARP PRO Torus Cast 6000 SD\"}}, {\"added\": {\"name\": \"\\u0418\\u0437\\u043e\\u0431\\u0440\\u0430\\u0436\\u0435\\u043d\\u0438\\u0435 \\u0433\\u0430\\u043b\\u0435\\u0440\\u0435\\u0438\", \"object\": \"\\u0424\\u043e\\u0442\\u043e \\u0434\\u043b\\u044f \\u041a\\u0430\\u0442\\u0443\\u0448\\u043a\\u0430 CARP PRO Torus Cast 6000 SD\"}}]"
    }
},
{
    "model": "admin.logentry",
    "pk": 26,
    "fields": {
        "action_time": "2026-03-25T11:14:49.373Z",
        "user": [
            "yanis"
        ],
        "content_type": [
            "shop",
            "product"
        ],
        "object_id": "5",
        "object_repr": "ELEGANCE METHOD Катушка фидерная Accela Distance Feeder 6500",
        "action_flag": 1,
        "change_message": "[{\"added\": {}}, {\"added\": {\"name\": \"\\u0418\\u0437\\u043e\\u0431\\u0440\\u0430\\u0436\\u0435\\u043d\\u0438\\u0435 \\u0433\\u0430\\u043b\\u0435\\u0440\\u0435\\u0438\", \"object\": \"\\u0424\\u043e\\u0442\\u043e \\u0434\\u043b\\u044f ELEGANCE METHOD \\u041a\\u0430\\u0442\\u0443\\u0448\\u043a\\u0430 \\u0444\\u0438\\u0434\\u0435\\u0440\\u043d\\u0430\\u044f Accela Distance Feeder 6500\"}}, {\"added\": {\"name\": \"\\u0418\\u0437\\u043e\\u0431\\u0440\\u0430\\u0436\\u0435\\u043d\\u0438\\u0435 \\u0433\\u0430\\u043b\\u0435\\u0440\\u0435\\u0438\", \"object\": \"\\u0424\\u043e\\u0442\\u043e \\u0434\\u043b\\u044f ELEGANCE METHOD \\u041a\\u0430\\u0442\\u0443\\u0448\\u043a\\u0430 \\u0444\\u0438\\u0434\\u0435\\u0440\\u043d\\u0430\\u044f Accela Distance Feeder 6500\"}}]"
    }
},
{
    "model": "admin.logentry",
    "pk": 27,
    "fields": {
        "action_time": "2026-03-25T11:18:18.977Z",
        "user": [
            "yanis"
        ],
        "content_type": [
            "shop",
            "product"
        ],
        "object_id": "6",
        "object_repr": "Катушка DAIWA 23 LEGALIS LT4000-C",
        "action_flag": 1,
        "change_message": "[{\"added\": {}}, {\"added\": {\"name\": \"\\u0418\\u0437\\u043e\\u0431\\u0440\\u0430\\u0436\\u0435\\u043d\\u0438\\u0435 \\u0433\\u0430\\u043b\\u0435\\u0440\\u0435\\u0438\", \"object\": \"\\u0424\\u043e\\u0442\\u043e \\u0434\\u043b\\u044f \\u041a\\u0430\\u0442\\u0443\\u0448\\u043a\\u0430 DAIWA 23 LEGALIS LT4000-C\"}}, {\"added\": {\"name\": \"\\u0418\\u0437\\u043e\\u0431\\u0440\\u0430\\u0436\\u0435\\u043d\\u0438\\u0435 \\u0433\\u0430\\u043b\\u0435\\u0440\\u0435\\u0438\", \"object\": \"\\u0424\\u043e\\u0442\\u043e \\u0434\\u043b\\u044f \\u041a\\u0430\\u0442\\u0443\\u0448\\u043a\\u0430 DAIWA 23 LEGALIS LT4000-C\"}}]"
    }
},
{
    "model": "admin.logentry",
    "pk": 28,
    "fields": {
        "action_time": "2026-03-25T11:26:08.309Z",
        "user": [
            "yanis"
        ],
        "content_type": [
            "shop",
            "product"
        ],
        "object_id": "7",
        "object_repr": "Катушка фидерная FLAGMAN \"Mascot Feeder 4000\" screw-in handle system",
        "action_flag": 1,
        "change_message": "[{\"added\": {}}, {\"added\": {\"name\": \"\\u0418\\u0437\\u043e\\u0431\\u0440\\u0430\\u0436\\u0435\\u043d\\u0438\\u0435 \\u0433\\u0430\\u043b\\u0435\\u0440\\u0435\\u0438\", \"object\": \"\\u0424\\u043e\\u0442\\u043e \\u0434\\u043b\\u044f \\u041a\\u0430\\u0442\\u0443\\u0448\\u043a\\u0430 \\u0444\\u0438\\u0434\\u0435\\u0440\\u043d\\u0430\\u044f FLAGMAN \\\"Mascot Feeder 4000\\\" screw-in handle system\"}}, {\"added\": {\"name\": \"\\u0418\\u0437\\u043e\\u0431\\u0440\\u0430\\u0436\\u0435\\u043d\\u0438\\u0435 \\u0433\\u0430\\u043b\\u0435\\u0440\\u0435\\u0438\", \"object\": \"\\u0424\\u043e\\u0442\\u043e \\u0434\\u043b\\u044f \\u041a\\u0430\\u0442\\u0443\\u0448\\u043a\\u0430 \\u0444\\u0438\\u0434\\u0435\\u0440\\u043d\\u0430\\u044f FLAGMAN \\\"Mascot Feeder 4000\\\" screw-in handle system\"}}]"
    }
},
{
    "model": "admin.logentry",
    "pk": 29,
    "fields": {
        "action_time": "2026-03-25T11:32:17.742Z",
        "user": [
            "yanis"
        ],
        "content_type": [
            "shop",
            "product"
        ],
        "object_id": "8",
        "object_repr": "Катушка CARP PRO Blackpool Power Feeder 6500",
        "action_flag": 1,
        "change_message": "[{\"added\": {}}, {\"added\": {\"name\": \"\\u0418\\u0437\\u043e\\u0431\\u0440\\u0430\\u0436\\u0435\\u043d\\u0438\\u0435 \\u0433\\u0430\\u043b\\u0435\\u0440\\u0435\\u0438\", \"object\": \"\\u0424\\u043e\\u0442\\u043e \\u0434\\u043b\\u044f \\u041a\\u0430\\u0442\\u0443\\u0448\\u043a\\u0430 CARP PRO Blackpool Power Feeder 6500\"}}, {\"added\": {\"name\": \"\\u0418\\u0437\\u043e\\u0431\\u0440\\u0430\\u0436\\u0435\\u043d\\u0438\\u0435 \\u0433\\u0430\\u043b\\u0435\\u0440\\u0435\\u0438\", \"object\": \"\\u0424\\u043e\\u0442\\u043e \\u0434\\u043b\\u044f \\u041a\\u0430\\u0442\\u0443\\u0448\\u043a\\u0430 CARP PRO Blackpool Power Feeder 6500\"}}]"
    }
},
{
    "model": "admin.logentry",
    "pk": 30,
    "fields": {
        "action_time": "2026-03-25T11:43:34.482Z",
        "user": [
            "yanis"
        ],
        "content_type": [
            "shop",
            "product"
        ],
        "object_id": "9",
        "object_repr": "ELEGANCE FEEDER PRO Катушка фидерная V2 4500",
        "action_flag": 1,
        "change_message": "[{\"added\": {}}, {\"added\": {\"name\": \"\\u0418\\u0437\\u043e\\u0431\\u0440\\u0430\\u0436\\u0435\\u043d\\u0438\\u0435 \\u0433\\u0430\\u043b\\u0435\\u0440\\u0435\\u0438\", \"object\": \"\\u0424\\u043e\\u0442\\u043e \\u0434\\u043b\\u044f ELEGANCE FEEDER PRO \\u041a\\u0430\\u0442\\u0443\\u0448\\u043a\\u0430 \\u0444\\u0438\\u0434\\u0435\\u0440\\u043d\\u0430\\u044f V2 4500\"}}, {\"added\": {\"name\": \"\\u0418\\u0437\\u043e\\u0431\\u0440\\u0430\\u0436\\u0435\\u043d\\u0438\\u0435 \\u0433\\u0430\\u043b\\u0435\\u0440\\u0435\\u0438\", \"object\": \"\\u0424\\u043e\\u0442\\u043e \\u0434\\u043b\\u044f ELEGANCE FEEDER PRO \\u041a\\u0430\\u0442\\u0443\\u0448\\u043a\\u0430 \\u0444\\u0438\\u0434\\u0435\\u0440\\u043d\\u0430\\u044f V2 4500\"}}]"
    }
},
{
    "model": "admin.logentry",
    "pk": 31,
    "fields": {
        "action_time": "2026-03-25T15:34:35.882Z",
        "user": [
            "yanis"
        ],
        "content_type": [
            "shop",
            "category"
        ],
        "object_id": "1",
        "object_repr": "Фидеры",
        "action_flag": 2,
        "change_message": "[]"
    }
},
{
    "model": "admin.logentry",
    "pk": 32,
    "fields": {
        "action_time": "2026-03-25T15:36:25.372Z",
        "user": [
            "yanis"
        ],
        "content_type": [
            "shop",
            "product"
        ],
        "object_id": "10",
        "object_repr": "Удилище фидерное CARP PRO Torus Carp Feeder 330 130 g",
        "action_flag": 1,
        "change_message": "[{\"added\": {}}, {\"added\": {\"name\": \"\\u0418\\u0437\\u043e\\u0431\\u0440\\u0430\\u0436\\u0435\\u043d\\u0438\\u0435 \\u0433\\u0430\\u043b\\u0435\\u0440\\u0435\\u0438\", \"object\": \"\\u0424\\u043e\\u0442\\u043e \\u0434\\u043b\\u044f \\u0423\\u0434\\u0438\\u043b\\u0438\\u0449\\u0435 \\u0444\\u0438\\u0434\\u0435\\u0440\\u043d\\u043e\\u0435 CARP PRO Torus Carp Feeder 330 130 g\"}}, {\"added\": {\"name\": \"\\u0418\\u0437\\u043e\\u0431\\u0440\\u0430\\u0436\\u0435\\u043d\\u0438\\u0435 \\u0433\\u0430\\u043b\\u0435\\u0440\\u0435\\u0438\", \"object\": \"\\u0424\\u043e\\u0442\\u043e \\u0434\\u043b\\u044f \\u0423\\u0434\\u0438\\u043b\\u0438\\u0449\\u0435 \\u0444\\u0438\\u0434\\u0435\\u0440\\u043d\\u043e\\u0435 CARP PRO Torus Carp Feeder 330 130 g\"}}, {\"added\": {\"name\": \"\\u0418\\u0437\\u043e\\u0431\\u0440\\u0430\\u0436\\u0435\\u043d\\u0438\\u0435 \\u0433\\u0430\\u043b\\u0435\\u0440\\u0435\\u0438\", \"object\": \"\\u0424\\u043e\\u0442\\u043e \\u0434\\u043b\\u044f \\u0423\\u0434\\u0438\\u043b\\u0438\\u0449\\u0435 \\u0444\\u0438\\u0434\\u0435\\u0440\\u043d\\u043e\\u0435 CARP PRO Torus Carp Feeder 330 130 g\"}}]"
    }
},
{
    "model": "admin.logentry",
    "pk": 33,
    "fields": {
        "action_time": "2026-03-25T15:36:53.364Z",
        "user": [
            "yanis"
        ],
        "content_type": [
            "shop",
            "category"
        ],
        "object_id": "1",
        "object_repr": "Фидерные удилища",
        "action_flag": 2,
        "change_message": "[{\"changed\": {\"fields\": [\"\\u041d\\u0430\\u0437\\u0432\\u0430\\u043d\\u0438\\u0435 \\u043a\\u0430\\u0442\\u0435\\u0433\\u043e\\u0440\\u0438\\u0438\"]}}]"
    }
},
{
    "model": "admin.logentry",
    "pk": 34,
    "fields": {
        "action_time": "2026-03-25T15:41:44.908Z",
        "user": [
            "yanis"
        ],
        "content_type": [
            "shop",
            "product"
        ],
        "object_id": "11",
        "object_repr": "Удилище фидерное FLAGMAN Cast Master Method Feeder 360 100GR",
        "action_flag": 1,
        "change_message": "[{\"added\": {}}, {\"added\": {\"name\": \"\\u0418\\u0437\\u043e\\u0431\\u0440\\u0430\\u0436\\u0435\\u043d\\u0438\\u0435 \\u0433\\u0430\\u043b\\u0435\\u0440\\u0435\\u0438\", \"object\": \"\\u0424\\u043e\\u0442\\u043e \\u0434\\u043b\\u044f \\u0423\\u0434\\u0438\\u043b\\u0438\\u0449\\u0435 \\u0444\\u0438\\u0434\\u0435\\u0440\\u043d\\u043e\\u0435 FLAGMAN Cast Master Method Feeder 360 100GR\"}}, {\"added\": {\"name\": \"\\u0418\\u0437\\u043e\\u0431\\u0440\\u0430\\u0436\\u0435\\u043d\\u0438\\u0435 \\u0433\\u0430\\u043b\\u0435\\u0440\\u0435\\u0438\", \"object\": \"\\u0424\\u043e\\u0442\\u043e \\u0434\\u043b\\u044f \\u0423\\u0434\\u0438\\u043b\\u0438\\u0449\\u0435 \\u0444\\u0438\\u0434\\u0435\\u0440\\u043d\\u043e\\u0435 FLAGMAN Cast Master Method Feeder 360 100GR\"}}, {\"added\": {\"name\": \"\\u0418\\u0437\\u043e\\u0431\\u0440\\u0430\\u0436\\u0435\\u043d\\u0438\\u0435 \\u0433\\u0430\\u043b\\u0435\\u0440\\u0435\\u0438\", \"object\": \"\\u0424\\u043e\\u0442\\u043e \\u0434\\u043b\\u044f \\u0423\\u0434\\u0438\\u043b\\u0438\\u0449\\u0435 \\u0444\\u0438\\u0434\\u0435\\u0440\\u043d\\u043e\\u0435 FLAGMAN Cast Master Method Feeder 360 100GR\"}}]"
    }
},
{
    "model": "admin.logentry",
    "pk": 35,
    "fields": {
        "action_time": "2026-03-30T21:50:46.133Z",
        "user": [
            "yanis"
        ],
        "content_type": [
            "shop",
            "product"
        ],
        "object_id": "12",
        "object_repr": "Удил. фидер Volzhanka Optima Evo Pro13ft  3,9м тест 90+гр",
        "action_flag": 1,
        "change_message": "[{\"added\": {}}]"
    }
},
{
    "model": "admin.logentry",
    "pk": 36,
    "fields": {
        "action_time": "2026-03-30T21:54:23.798Z",
        "user": [
            "yanis"
        ],
        "content_type": [
            "shop",
            "product"
        ],
        "object_id": "13",
        "object_repr": "Удилище фидерное F-FISHING Vento Feeder 3,9м тест max 120г",
        "action_flag": 1,
        "change_message": "[{\"added\": {}}, {\"added\": {\"name\": \"\\u0418\\u0437\\u043e\\u0431\\u0440\\u0430\\u0436\\u0435\\u043d\\u0438\\u0435 \\u0433\\u0430\\u043b\\u0435\\u0440\\u0435\\u0438\", \"object\": \"\\u0424\\u043e\\u0442\\u043e \\u0434\\u043b\\u044f \\u0423\\u0434\\u0438\\u043b\\u0438\\u0449\\u0435 \\u0444\\u0438\\u0434\\u0435\\u0440\\u043d\\u043e\\u0435 F-FISHING Vento Feeder 3,9\\u043c \\u0442\\u0435\\u0441\\u0442 max 120\\u0433\"}}, {\"added\": {\"name\": \"\\u0418\\u0437\\u043e\\u0431\\u0440\\u0430\\u0436\\u0435\\u043d\\u0438\\u0435 \\u0433\\u0430\\u043b\\u0435\\u0440\\u0435\\u0438\", \"object\": \"\\u0424\\u043e\\u0442\\u043e \\u0434\\u043b\\u044f \\u0423\\u0434\\u0438\\u043b\\u0438\\u0449\\u0435 \\u0444\\u0438\\u0434\\u0435\\u0440\\u043d\\u043e\\u0435 F-FISHING Vento Feeder 3,9\\u043c \\u0442\\u0435\\u0441\\u0442 max 120\\u0433\"}}, {\"added\": {\"name\": \"\\u0418\\u0437\\u043e\\u0431\\u0440\\u0430\\u0436\\u0435\\u043d\\u0438\\u0435 \\u0433\\u0430\\u043b\\u0435\\u0440\\u0435\\u0438\", \"object\": \"\\u0424\\u043e\\u0442\\u043e \\u0434\\u043b\\u044f \\u0423\\u0434\\u0438\\u043b\\u0438\\u0449\\u0435 \\u0444\\u0438\\u0434\\u0435\\u0440\\u043d\\u043e\\u0435 F-FISHING Vento Feeder 3,9\\u043c \\u0442\\u0435\\u0441\\u0442 max 120\\u0433\"}}]"
    }
},
{
    "model": "admin.logentry",
    "pk": 37,
    "fields": {
        "action_time": "2026-03-30T21:59:53.966Z",
        "user": [
            "yanis"
        ],
        "content_type": [
            "shop",
            "product"
        ],
        "object_id": "14",
        "object_repr": "Удилище фидерное FLAGMAN Mascot Feeder 3,60m 80gr",
        "action_flag": 1,
        "change_message": "[{\"added\": {}}, {\"added\": {\"name\": \"\\u0418\\u0437\\u043e\\u0431\\u0440\\u0430\\u0436\\u0435\\u043d\\u0438\\u0435 \\u0433\\u0430\\u043b\\u0435\\u0440\\u0435\\u0438\", \"object\": \"\\u0424\\u043e\\u0442\\u043e \\u0434\\u043b\\u044f \\u0423\\u0434\\u0438\\u043b\\u0438\\u0449\\u0435 \\u0444\\u0438\\u0434\\u0435\\u0440\\u043d\\u043e\\u0435 FLAGMAN Mascot Feeder 3,60m 80gr\"}}, {\"added\": {\"name\": \"\\u0418\\u0437\\u043e\\u0431\\u0440\\u0430\\u0436\\u0435\\u043d\\u0438\\u0435 \\u0433\\u0430\\u043b\\u0435\\u0440\\u0435\\u0438\", \"object\": \"\\u0424\\u043e\\u0442\\u043e \\u0434\\u043b\\u044f \\u0423\\u0434\\u0438\\u043b\\u0438\\u0449\\u0435 \\u0444\\u0438\\u0434\\u0435\\u0440\\u043d\\u043e\\u0435 FLAGMAN Mascot Feeder 3,60m 80gr\"}}]"
    }
},
{
    "model": "admin.logentry",
    "pk": 38,
    "fields": {
        "action_time": "2026-03-30T22:06:55.026Z",
        "user": [
            "yanis"
        ],
        "content_type": [
            "shop",
            "product"
        ],
        "object_id": "15",
        "object_repr": "Удилище GURU N-Gauge Power Feeder Rod 12ft 3,6м 2 секции",
        "action_flag": 1,
        "change_message": "[{\"added\": {}}, {\"added\": {\"name\": \"\\u0418\\u0437\\u043e\\u0431\\u0440\\u0430\\u0436\\u0435\\u043d\\u0438\\u0435 \\u0433\\u0430\\u043b\\u0435\\u0440\\u0435\\u0438\", \"object\": \"\\u0424\\u043e\\u0442\\u043e \\u0434\\u043b\\u044f \\u0423\\u0434\\u0438\\u043b\\u0438\\u0449\\u0435 GURU N-Gauge Power Feeder Rod 12ft 3,6\\u043c 2 \\u0441\\u0435\\u043a\\u0446\\u0438\\u0438\"}}, {\"added\": {\"name\": \"\\u0418\\u0437\\u043e\\u0431\\u0440\\u0430\\u0436\\u0435\\u043d\\u0438\\u0435 \\u0433\\u0430\\u043b\\u0435\\u0440\\u0435\\u0438\", \"object\": \"\\u0424\\u043e\\u0442\\u043e \\u0434\\u043b\\u044f \\u0423\\u0434\\u0438\\u043b\\u0438\\u0449\\u0435 GURU N-Gauge Power Feeder Rod 12ft 3,6\\u043c 2 \\u0441\\u0435\\u043a\\u0446\\u0438\\u0438\"}}, {\"added\": {\"name\": \"\\u0418\\u0437\\u043e\\u0431\\u0440\\u0430\\u0436\\u0435\\u043d\\u0438\\u0435 \\u0433\\u0430\\u043b\\u0435\\u0440\\u0435\\u0438\", \"object\": \"\\u0424\\u043e\\u0442\\u043e \\u0434\\u043b\\u044f \\u0423\\u0434\\u0438\\u043b\\u0438\\u0449\\u0435 GURU N-Gauge Power Feeder Rod 12ft 3,6\\u043c 2 \\u0441\\u0435\\u043a\\u0446\\u0438\\u0438\"}}]"
    }
},
{
    "model": "admin.logentry",
    "pk": 39,
    "fields": {
        "action_time": "2026-04-02T18:19:47.618Z",
        "user": [
            "yanis"
        ],
        "content_type": [
            "shop",
            "product"
        ],
        "object_id": "16",
        "object_repr": "Леска FLAGMAN Force Active Carp Feeder Main Line 150м 0,355мм",
        "action_flag": 1,
        "change_message": "[{\"added\": {}}, {\"added\": {\"name\": \"\\u0414\\u043e\\u043f\\u043e\\u043b\\u043d\\u0438\\u0442\\u0435\\u043b\\u044c\\u043d\\u043e\\u0435 \\u0444\\u043e\\u0442\\u043e\", \"object\": \"ProductImage object (31)\"}}, {\"added\": {\"name\": \"\\u0412\\u0430\\u0440\\u0438\\u0430\\u0446\\u0438\\u044f \\u0442\\u043e\\u0432\\u0430\\u0440\\u0430\", \"object\": \"\\u041b\\u0435\\u0441\\u043a\\u0430 FLAGMAN Force Active Carp Feeder Main Line 150\\u043c 0,355\\u043c\\u043c - 0.255 \\u043c\\u043c\"}}, {\"added\": {\"name\": \"\\u0412\\u0430\\u0440\\u0438\\u0430\\u0446\\u0438\\u044f \\u0442\\u043e\\u0432\\u0430\\u0440\\u0430\", \"object\": \"\\u041b\\u0435\\u0441\\u043a\\u0430 FLAGMAN Force Active Carp Feeder Main Line 150\\u043c 0,355\\u043c\\u043c - 0.305 \\u043c\\u043c\"}}, {\"added\": {\"name\": \"\\u0412\\u0430\\u0440\\u0438\\u0430\\u0446\\u0438\\u044f \\u0442\\u043e\\u0432\\u0430\\u0440\\u0430\", \"object\": \"\\u041b\\u0435\\u0441\\u043a\\u0430 FLAGMAN Force Active Carp Feeder Main Line 150\\u043c 0,355\\u043c\\u043c - 0.355 \\u043c\\u043c\"}}]"
    }
},
{
    "model": "admin.logentry",
    "pk": 40,
    "fields": {
        "action_time": "2026-04-07T11:56:32.683Z",
        "user": [
            "yanis"
        ],
        "content_type": [
            "shop",
            "product"
        ],
        "object_id": "17",
        "object_repr": "ELEGANCE FEEDER PRO Леска 275м Black 0,18мм 4,05кг",
        "action_flag": 1,
        "change_message": "[{\"added\": {}}, {\"added\": {\"name\": \"\\u0412\\u0430\\u0440\\u0438\\u0430\\u0446\\u0438\\u044f \\u0442\\u043e\\u0432\\u0430\\u0440\\u0430\", \"object\": \"ELEGANCE FEEDER PRO \\u041b\\u0435\\u0441\\u043a\\u0430 275\\u043c Black 0,18\\u043c\\u043c 4,05\\u043a\\u0433 - 0,18\\u043c\\u043c\"}}]"
    }
},
{
    "model": "admin.logentry",
    "pk": 41,
    "fields": {
        "action_time": "2026-04-07T12:03:02.268Z",
        "user": [
            "yanis"
        ],
        "content_type": [
            "shop",
            "product"
        ],
        "object_id": "18",
        "object_repr": "ELEGANCE METHOD Леска Lusson Fast Sinking Feeder 300м 0,26мм 6,27кг",
        "action_flag": 1,
        "change_message": "[{\"added\": {}}, {\"added\": {\"name\": \"\\u0412\\u0430\\u0440\\u0438\\u0430\\u0446\\u0438\\u044f \\u0442\\u043e\\u0432\\u0430\\u0440\\u0430\", \"object\": \"ELEGANCE METHOD \\u041b\\u0435\\u0441\\u043a\\u0430 Lusson Fast Sinking Feeder 300\\u043c 0,26\\u043c\\u043c 6,27\\u043a\\u0433 - 0.26 \\u043c\\u043c\"}}, {\"added\": {\"name\": \"\\u0412\\u0430\\u0440\\u0438\\u0430\\u0446\\u0438\\u044f \\u0442\\u043e\\u0432\\u0430\\u0440\\u0430\", \"object\": \"ELEGANCE METHOD \\u041b\\u0435\\u0441\\u043a\\u0430 Lusson Fast Sinking Feeder 300\\u043c 0,26\\u043c\\u043c 6,27\\u043a\\u0433 - 0,20 \\u043c\\u043c\"}}, {\"added\": {\"name\": \"\\u0412\\u0430\\u0440\\u0438\\u0430\\u0446\\u0438\\u044f \\u0442\\u043e\\u0432\\u0430\\u0440\\u0430\", \"object\": \"ELEGANCE METHOD \\u041b\\u0435\\u0441\\u043a\\u0430 Lusson Fast Sinking Feeder 300\\u043c 0,26\\u043c\\u043c 6,27\\u043a\\u0433 - 0.23 \\u043c\\u043c\"}}]"
    }
},
{
    "model": "admin.logentry",
    "pk": 42,
    "fields": {
        "action_time": "2026-04-07T12:54:39.979Z",
        "user": [
            "yanis"
        ],
        "content_type": [
            "shop",
            "product"
        ],
        "object_id": "19",
        "object_repr": "Шнур DAIWA J-Braid x4 0,15mm 6,9kg 270m dg",
        "action_flag": 1,
        "change_message": "[{\"added\": {}}, {\"added\": {\"name\": \"\\u0412\\u0430\\u0440\\u0438\\u0430\\u0446\\u0438\\u044f \\u0442\\u043e\\u0432\\u0430\\u0440\\u0430\", \"object\": \"\\u0428\\u043d\\u0443\\u0440 DAIWA J-Braid x4 0,15mm 6,9kg 270m dg - 0,13 \\u043c\\u043c\"}}, {\"added\": {\"name\": \"\\u0412\\u0430\\u0440\\u0438\\u0430\\u0446\\u0438\\u044f \\u0442\\u043e\\u0432\\u0430\\u0440\\u0430\", \"object\": \"\\u0428\\u043d\\u0443\\u0440 DAIWA J-Braid x4 0,15mm 6,9kg 270m dg - 0,15 \\u043c\\u043c\"}}]"
    }
},
{
    "model": "admin.logentry",
    "pk": 43,
    "fields": {
        "action_time": "2026-04-07T13:00:45.937Z",
        "user": [
            "yanis"
        ],
        "content_type": [
            "shop",
            "product"
        ],
        "object_id": "20",
        "object_repr": "Шнур плетеный AZURA X Game PE Х8 150м Fiery Red #0,6 0,128мм 4,5кг 10,0lb",
        "action_flag": 1,
        "change_message": "[{\"added\": {}}, {\"added\": {\"name\": \"\\u0414\\u043e\\u043f\\u043e\\u043b\\u043d\\u0438\\u0442\\u0435\\u043b\\u044c\\u043d\\u043e\\u0435 \\u0444\\u043e\\u0442\\u043e\", \"object\": \"ProductImage object (32)\"}}, {\"added\": {\"name\": \"\\u0412\\u0430\\u0440\\u0438\\u0430\\u0446\\u0438\\u044f \\u0442\\u043e\\u0432\\u0430\\u0440\\u0430\", \"object\": \"\\u0428\\u043d\\u0443\\u0440 \\u043f\\u043b\\u0435\\u0442\\u0435\\u043d\\u044b\\u0439 AZURA X Game PE \\u04258 150\\u043c Fiery Red #0,6 0,128\\u043c\\u043c 4,5\\u043a\\u0433 10,0lb - 0,128 \\u043c\\u043c\"}}, {\"added\": {\"name\": \"\\u0412\\u0430\\u0440\\u0438\\u0430\\u0446\\u0438\\u044f \\u0442\\u043e\\u0432\\u0430\\u0440\\u0430\", \"object\": \"\\u0428\\u043d\\u0443\\u0440 \\u043f\\u043b\\u0435\\u0442\\u0435\\u043d\\u044b\\u0439 AZURA X Game PE \\u04258 150\\u043c Fiery Red #0,6 0,128\\u043c\\u043c 4,5\\u043a\\u0433 10,0lb - 0,235 \\u043c\\u043c\"}}, {\"added\": {\"name\": \"\\u0412\\u0430\\u0440\\u0438\\u0430\\u0446\\u0438\\u044f \\u0442\\u043e\\u0432\\u0430\\u0440\\u0430\", \"object\": \"\\u0428\\u043d\\u0443\\u0440 \\u043f\\u043b\\u0435\\u0442\\u0435\\u043d\\u044b\\u0439 AZURA X Game PE \\u04258 150\\u043c Fiery Red #0,6 0,128\\u043c\\u043c 4,5\\u043a\\u0433 10,0lb - 0,205 \\u043c\\u043c\"}}]"
    }
},
{
    "model": "admin.logentry",
    "pk": 44,
    "fields": {
        "action_time": "2026-04-07T13:03:47.349Z",
        "user": [
            "yanis"
        ],
        "content_type": [
            "shop",
            "product"
        ],
        "object_id": "21",
        "object_repr": "Шнур плетеный GURU Pulse 8 Braid 0,10мм 150м",
        "action_flag": 1,
        "change_message": "[{\"added\": {}}, {\"added\": {\"name\": \"\\u0414\\u043e\\u043f\\u043e\\u043b\\u043d\\u0438\\u0442\\u0435\\u043b\\u044c\\u043d\\u043e\\u0435 \\u0444\\u043e\\u0442\\u043e\", \"object\": \"ProductImage object (33)\"}}, {\"added\": {\"name\": \"\\u0414\\u043e\\u043f\\u043e\\u043b\\u043d\\u0438\\u0442\\u0435\\u043b\\u044c\\u043d\\u043e\\u0435 \\u0444\\u043e\\u0442\\u043e\", \"object\": \"ProductImage object (34)\"}}, {\"added\": {\"name\": \"\\u0412\\u0430\\u0440\\u0438\\u0430\\u0446\\u0438\\u044f \\u0442\\u043e\\u0432\\u0430\\u0440\\u0430\", \"object\": \"\\u0428\\u043d\\u0443\\u0440 \\u043f\\u043b\\u0435\\u0442\\u0435\\u043d\\u044b\\u0439 GURU Pulse 8 Braid 0,10\\u043c\\u043c 150\\u043c - 0,10 \\u043c\\u043c\"}}, {\"added\": {\"name\": \"\\u0412\\u0430\\u0440\\u0438\\u0430\\u0446\\u0438\\u044f \\u0442\\u043e\\u0432\\u0430\\u0440\\u0430\", \"object\": \"\\u0428\\u043d\\u0443\\u0440 \\u043f\\u043b\\u0435\\u0442\\u0435\\u043d\\u044b\\u0439 GURU Pulse 8 Braid 0,10\\u043c\\u043c 150\\u043c - 0,08 \\u043c\\u043c\"}}, {\"added\": {\"name\": \"\\u0412\\u0430\\u0440\\u0438\\u0430\\u0446\\u0438\\u044f \\u0442\\u043e\\u0432\\u0430\\u0440\\u0430\", \"object\": \"\\u0428\\u043d\\u0443\\u0440 \\u043f\\u043b\\u0435\\u0442\\u0435\\u043d\\u044b\\u0439 GURU Pulse 8 Braid 0,10\\u043c\\u043c 150\\u043c - 0,12 \\u043c\\u043c\"}}]"
    }
},
{
    "model": "admin.logentry",
    "pk": 45,
    "fields": {
        "action_time": "2026-04-07T13:07:38.099Z",
        "user": [
            "yanis"
        ],
        "content_type": [
            "shop",
            "product"
        ],
        "object_id": "22",
        "object_repr": "Крючки FLAGMAN Allround Classic №10 10шт",
        "action_flag": 1,
        "change_message": "[{\"added\": {}}, {\"added\": {\"name\": \"\\u0414\\u043e\\u043f\\u043e\\u043b\\u043d\\u0438\\u0442\\u0435\\u043b\\u044c\\u043d\\u043e\\u0435 \\u0444\\u043e\\u0442\\u043e\", \"object\": \"ProductImage object (35)\"}}, {\"added\": {\"name\": \"\\u0412\\u0430\\u0440\\u0438\\u0430\\u0446\\u0438\\u044f \\u0442\\u043e\\u0432\\u0430\\u0440\\u0430\", \"object\": \"\\u041a\\u0440\\u044e\\u0447\\u043a\\u0438 FLAGMAN Allround Classic \\u211610 10\\u0448\\u0442 - 10\"}}, {\"added\": {\"name\": \"\\u0412\\u0430\\u0440\\u0438\\u0430\\u0446\\u0438\\u044f \\u0442\\u043e\\u0432\\u0430\\u0440\\u0430\", \"object\": \"\\u041a\\u0440\\u044e\\u0447\\u043a\\u0438 FLAGMAN Allround Classic \\u211610 10\\u0448\\u0442 - 12\"}}, {\"added\": {\"name\": \"\\u0412\\u0430\\u0440\\u0438\\u0430\\u0446\\u0438\\u044f \\u0442\\u043e\\u0432\\u0430\\u0440\\u0430\", \"object\": \"\\u041a\\u0440\\u044e\\u0447\\u043a\\u0438 FLAGMAN Allround Classic \\u211610 10\\u0448\\u0442 - 14\"}}, {\"added\": {\"name\": \"\\u0412\\u0430\\u0440\\u0438\\u0430\\u0446\\u0438\\u044f \\u0442\\u043e\\u0432\\u0430\\u0440\\u0430\", \"object\": \"\\u041a\\u0440\\u044e\\u0447\\u043a\\u0438 FLAGMAN Allround Classic \\u211610 10\\u0448\\u0442 - 16\"}}]"
    }
},
{
    "model": "admin.logentry",
    "pk": 46,
    "fields": {
        "action_time": "2026-04-07T13:11:00.859Z",
        "user": [
            "yanis"
        ],
        "content_type": [
            "shop",
            "product"
        ],
        "object_id": "23",
        "object_repr": "Крючки FLAGMAN Feeder №14 10шт",
        "action_flag": 1,
        "change_message": "[{\"added\": {}}, {\"added\": {\"name\": \"\\u0414\\u043e\\u043f\\u043e\\u043b\\u043d\\u0438\\u0442\\u0435\\u043b\\u044c\\u043d\\u043e\\u0435 \\u0444\\u043e\\u0442\\u043e\", \"object\": \"ProductImage object (36)\"}}, {\"added\": {\"name\": \"\\u0412\\u0430\\u0440\\u0438\\u0430\\u0446\\u0438\\u044f \\u0442\\u043e\\u0432\\u0430\\u0440\\u0430\", \"object\": \"\\u041a\\u0440\\u044e\\u0447\\u043a\\u0438 FLAGMAN Feeder \\u211614 10\\u0448\\u0442 - 14\"}}, {\"added\": {\"name\": \"\\u0412\\u0430\\u0440\\u0438\\u0430\\u0446\\u0438\\u044f \\u0442\\u043e\\u0432\\u0430\\u0440\\u0430\", \"object\": \"\\u041a\\u0440\\u044e\\u0447\\u043a\\u0438 FLAGMAN Feeder \\u211614 10\\u0448\\u0442 - 16\"}}, {\"added\": {\"name\": \"\\u0412\\u0430\\u0440\\u0438\\u0430\\u0446\\u0438\\u044f \\u0442\\u043e\\u0432\\u0430\\u0440\\u0430\", \"object\": \"\\u041a\\u0440\\u044e\\u0447\\u043a\\u0438 FLAGMAN Feeder \\u211614 10\\u0448\\u0442 - 6\"}}]"
    }
},
{
    "model": "admin.logentry",
    "pk": 47,
    "fields": {
        "action_time": "2026-04-07T13:13:17.680Z",
        "user": [
            "yanis"
        ],
        "content_type": [
            "shop",
            "product"
        ],
        "object_id": "24",
        "object_repr": "Крючки FLAGMAN Dynamic Feeder №12 10шт",
        "action_flag": 1,
        "change_message": "[{\"added\": {}}, {\"added\": {\"name\": \"\\u0414\\u043e\\u043f\\u043e\\u043b\\u043d\\u0438\\u0442\\u0435\\u043b\\u044c\\u043d\\u043e\\u0435 \\u0444\\u043e\\u0442\\u043e\", \"object\": \"ProductImage object (37)\"}}, {\"added\": {\"name\": \"\\u0412\\u0430\\u0440\\u0438\\u0430\\u0446\\u0438\\u044f \\u0442\\u043e\\u0432\\u0430\\u0440\\u0430\", \"object\": \"\\u041a\\u0440\\u044e\\u0447\\u043a\\u0438 FLAGMAN Dynamic Feeder \\u211612 10\\u0448\\u0442 - 12\"}}, {\"added\": {\"name\": \"\\u0412\\u0430\\u0440\\u0438\\u0430\\u0446\\u0438\\u044f \\u0442\\u043e\\u0432\\u0430\\u0440\\u0430\", \"object\": \"\\u041a\\u0440\\u044e\\u0447\\u043a\\u0438 FLAGMAN Dynamic Feeder \\u211612 10\\u0448\\u0442 - 14\"}}, {\"added\": {\"name\": \"\\u0412\\u0430\\u0440\\u0438\\u0430\\u0446\\u0438\\u044f \\u0442\\u043e\\u0432\\u0430\\u0440\\u0430\", \"object\": \"\\u041a\\u0440\\u044e\\u0447\\u043a\\u0438 FLAGMAN Dynamic Feeder \\u211612 10\\u0448\\u0442 - 16\"}}, {\"added\": {\"name\": \"\\u0412\\u0430\\u0440\\u0438\\u0430\\u0446\\u0438\\u044f \\u0442\\u043e\\u0432\\u0430\\u0440\\u0430\", \"object\": \"\\u041a\\u0440\\u044e\\u0447\\u043a\\u0438 FLAGMAN Dynamic Feeder \\u211612 10\\u0448\\u0442 - 18\"}}]"
    }
},
{
    "model": "admin.logentry",
    "pk": 48,
    "fields": {
        "action_time": "2026-04-07T13:16:11.295Z",
        "user": [
            "yanis"
        ],
        "content_type": [
            "shop",
            "product"
        ],
        "object_id": "25",
        "object_repr": "ELEGANCE FEEDER PRO Кормушка фидерная Maggot для опарыша 46х32х74мм 100г",
        "action_flag": 1,
        "change_message": "[{\"added\": {}}, {\"added\": {\"name\": \"\\u0414\\u043e\\u043f\\u043e\\u043b\\u043d\\u0438\\u0442\\u0435\\u043b\\u044c\\u043d\\u043e\\u0435 \\u0444\\u043e\\u0442\\u043e\", \"object\": \"ProductImage object (38)\"}}, {\"added\": {\"name\": \"\\u0412\\u0430\\u0440\\u0438\\u0430\\u0446\\u0438\\u044f \\u0442\\u043e\\u0432\\u0430\\u0440\\u0430\", \"object\": \"ELEGANCE FEEDER PRO \\u041a\\u043e\\u0440\\u043c\\u0443\\u0448\\u043a\\u0430 \\u0444\\u0438\\u0434\\u0435\\u0440\\u043d\\u0430\\u044f Maggot \\u0434\\u043b\\u044f \\u043e\\u043f\\u0430\\u0440\\u044b\\u0448\\u0430 46\\u044532\\u044574\\u043c\\u043c 100\\u0433 - 100 \\u0433\\u0440\"}}, {\"added\": {\"name\": \"\\u0412\\u0430\\u0440\\u0438\\u0430\\u0446\\u0438\\u044f \\u0442\\u043e\\u0432\\u0430\\u0440\\u0430\", \"object\": \"ELEGANCE FEEDER PRO \\u041a\\u043e\\u0440\\u043c\\u0443\\u0448\\u043a\\u0430 \\u0444\\u0438\\u0434\\u0435\\u0440\\u043d\\u0430\\u044f Maggot \\u0434\\u043b\\u044f \\u043e\\u043f\\u0430\\u0440\\u044b\\u0448\\u0430 46\\u044532\\u044574\\u043c\\u043c 100\\u0433 - 80 \\u0433\\u0440\"}}, {\"added\": {\"name\": \"\\u0412\\u0430\\u0440\\u0438\\u0430\\u0446\\u0438\\u044f \\u0442\\u043e\\u0432\\u0430\\u0440\\u0430\", \"object\": \"ELEGANCE FEEDER PRO \\u041a\\u043e\\u0440\\u043c\\u0443\\u0448\\u043a\\u0430 \\u0444\\u0438\\u0434\\u0435\\u0440\\u043d\\u0430\\u044f Maggot \\u0434\\u043b\\u044f \\u043e\\u043f\\u0430\\u0440\\u044b\\u0448\\u0430 46\\u044532\\u044574\\u043c\\u043c 100\\u0433 - 120 \\u0433\\u0440\"}}]"
    }
},
{
    "model": "admin.logentry",
    "pk": 49,
    "fields": {
        "action_time": "2026-04-07T13:18:20.732Z",
        "user": [
            "yanis"
        ],
        "content_type": [
            "shop",
            "product"
        ],
        "object_id": "26",
        "object_repr": "Кормушка фидерная C+ TL30",
        "action_flag": 1,
        "change_message": "[{\"added\": {}}, {\"added\": {\"name\": \"\\u0412\\u0430\\u0440\\u0438\\u0430\\u0446\\u0438\\u044f \\u0442\\u043e\\u0432\\u0430\\u0440\\u0430\", \"object\": \"\\u041a\\u043e\\u0440\\u043c\\u0443\\u0448\\u043a\\u0430 \\u0444\\u0438\\u0434\\u0435\\u0440\\u043d\\u0430\\u044f C+ TL30 - 30 \\u0433\\u0440\"}}, {\"added\": {\"name\": \"\\u0412\\u0430\\u0440\\u0438\\u0430\\u0446\\u0438\\u044f \\u0442\\u043e\\u0432\\u0430\\u0440\\u0430\", \"object\": \"\\u041a\\u043e\\u0440\\u043c\\u0443\\u0448\\u043a\\u0430 \\u0444\\u0438\\u0434\\u0435\\u0440\\u043d\\u0430\\u044f C+ TL30 - 40 \\u0433\\u0440\"}}]"
    }
},
{
    "model": "admin.logentry",
    "pk": 50,
    "fields": {
        "action_time": "2026-04-07T13:22:12.719Z",
        "user": [
            "yanis"
        ],
        "content_type": [
            "shop",
            "product"
        ],
        "object_id": "27",
        "object_repr": "Кормушка фидерная Vegas \"овал\" large 42 г",
        "action_flag": 1,
        "change_message": "[{\"added\": {}}, {\"added\": {\"name\": \"\\u0414\\u043e\\u043f\\u043e\\u043b\\u043d\\u0438\\u0442\\u0435\\u043b\\u044c\\u043d\\u043e\\u0435 \\u0444\\u043e\\u0442\\u043e\", \"object\": \"ProductImage object (39)\"}}, {\"added\": {\"name\": \"\\u0414\\u043e\\u043f\\u043e\\u043b\\u043d\\u0438\\u0442\\u0435\\u043b\\u044c\\u043d\\u043e\\u0435 \\u0444\\u043e\\u0442\\u043e\", \"object\": \"ProductImage object (40)\"}}, {\"added\": {\"name\": \"\\u0412\\u0430\\u0440\\u0438\\u0430\\u0446\\u0438\\u044f \\u0442\\u043e\\u0432\\u0430\\u0440\\u0430\", \"object\": \"\\u041a\\u043e\\u0440\\u043c\\u0443\\u0448\\u043a\\u0430 \\u0444\\u0438\\u0434\\u0435\\u0440\\u043d\\u0430\\u044f Vegas \\\"\\u043e\\u0432\\u0430\\u043b\\\" large 42 \\u0433 - 42 \\u0433\\u0440\"}}, {\"added\": {\"name\": \"\\u0412\\u0430\\u0440\\u0438\\u0430\\u0446\\u0438\\u044f \\u0442\\u043e\\u0432\\u0430\\u0440\\u0430\", \"object\": \"\\u041a\\u043e\\u0440\\u043c\\u0443\\u0448\\u043a\\u0430 \\u0444\\u0438\\u0434\\u0435\\u0440\\u043d\\u0430\\u044f Vegas \\\"\\u043e\\u0432\\u0430\\u043b\\\" large 42 \\u0433 - 22 \\u0433\\u0440\"}}, {\"added\": {\"name\": \"\\u0412\\u0430\\u0440\\u0438\\u0430\\u0446\\u0438\\u044f \\u0442\\u043e\\u0432\\u0430\\u0440\\u0430\", \"object\": \"\\u041a\\u043e\\u0440\\u043c\\u0443\\u0448\\u043a\\u0430 \\u0444\\u0438\\u0434\\u0435\\u0440\\u043d\\u0430\\u044f Vegas \\\"\\u043e\\u0432\\u0430\\u043b\\\" large 42 \\u0433 - 30 \\u0433\\u0440\"}}, {\"added\": {\"name\": \"\\u0412\\u0430\\u0440\\u0438\\u0430\\u0446\\u0438\\u044f \\u0442\\u043e\\u0432\\u0430\\u0440\\u0430\", \"object\": \"\\u041a\\u043e\\u0440\\u043c\\u0443\\u0448\\u043a\\u0430 \\u0444\\u0438\\u0434\\u0435\\u0440\\u043d\\u0430\\u044f Vegas \\\"\\u043e\\u0432\\u0430\\u043b\\\" large 42 \\u0433 - 56 \\u0433\\u0440\"}}]"
    }
},
{
    "model": "admin.logentry",
    "pk": 51,
    "fields": {
        "action_time": "2026-04-07T13:28:41.995Z",
        "user": [
            "yanis"
        ],
        "content_type": [
            "shop",
            "product"
        ],
        "object_id": "28",
        "object_repr": "Прикормка рыболовная пеллетс NICK BAITS GOLD FF 10 мм",
        "action_flag": 1,
        "change_message": "[{\"added\": {}}, {\"added\": {\"name\": \"\\u0414\\u043e\\u043f\\u043e\\u043b\\u043d\\u0438\\u0442\\u0435\\u043b\\u044c\\u043d\\u043e\\u0435 \\u0444\\u043e\\u0442\\u043e\", \"object\": \"ProductImage object (41)\"}}, {\"added\": {\"name\": \"\\u0414\\u043e\\u043f\\u043e\\u043b\\u043d\\u0438\\u0442\\u0435\\u043b\\u044c\\u043d\\u043e\\u0435 \\u0444\\u043e\\u0442\\u043e\", \"object\": \"ProductImage object (42)\"}}]"
    }
},
{
    "model": "admin.logentry",
    "pk": 52,
    "fields": {
        "action_time": "2026-04-07T13:30:02.057Z",
        "user": [
            "yanis"
        ],
        "content_type": [
            "shop",
            "category"
        ],
        "object_id": "10",
        "object_repr": "Шнуры",
        "action_flag": 2,
        "change_message": "[{\"changed\": {\"fields\": [\"\\u0418\\u043c\\u044f \\u043a\\u0430\\u0442\\u0435\\u0433\\u043e\\u0440\\u0438\\u0438\"]}}]"
    }
},
{
    "model": "admin.logentry",
    "pk": 53,
    "fields": {
        "action_time": "2026-04-07T13:30:23.158Z",
        "user": [
            "yanis"
        ],
        "content_type": [
            "shop",
            "category"
        ],
        "object_id": "12",
        "object_repr": "Крючки",
        "action_flag": 2,
        "change_message": "[{\"changed\": {\"fields\": [\"\\u0418\\u043c\\u044f \\u043a\\u0430\\u0442\\u0435\\u0433\\u043e\\u0440\\u0438\\u0438\"]}}]"
    }
},
{
    "model": "admin.logentry",
    "pk": 54,
    "fields": {
        "action_time": "2026-04-07T13:30:39.450Z",
        "user": [
            "yanis"
        ],
        "content_type": [
            "shop",
            "category"
        ],
        "object_id": "11",
        "object_repr": "Леска",
        "action_flag": 2,
        "change_message": "[{\"changed\": {\"fields\": [\"\\u0418\\u043c\\u044f \\u043a\\u0430\\u0442\\u0435\\u0433\\u043e\\u0440\\u0438\\u0438\"]}}]"
    }
},
{
    "model": "admin.logentry",
    "pk": 55,
    "fields": {
        "action_time": "2026-04-07T13:30:46.728Z",
        "user": [
            "yanis"
        ],
        "content_type": [
            "shop",
            "category"
        ],
        "object_id": "9",
        "object_repr": "Поплавки",
        "action_flag": 2,
        "change_message": "[{\"changed\": {\"fields\": [\"\\u0418\\u043c\\u044f \\u043a\\u0430\\u0442\\u0435\\u0433\\u043e\\u0440\\u0438\\u0438\"]}}]"
    }
},
{
    "model": "admin.logentry",
    "pk": 56,
    "fields": {
        "action_time": "2026-04-07T13:30:53.942Z",
        "user": [
            "yanis"
        ],
        "content_type": [
            "shop",
            "category"
        ],
        "object_id": "13",
        "object_repr": "Расходники",
        "action_flag": 2,
        "change_message": "[{\"changed\": {\"fields\": [\"\\u0418\\u043c\\u044f \\u043a\\u0430\\u0442\\u0435\\u0433\\u043e\\u0440\\u0438\\u0438\"]}}]"
    }
},
{
    "model": "admin.logentry",
    "pk": 57,
    "fields": {
        "action_time": "2026-04-07T14:40:39.020Z",
        "user": [
            "yanis"
        ],
        "content_type": [
            "shop",
            "product"
        ],
        "object_id": "29",
        "object_repr": "Прикормка рыболовная пеллетс NICK BAITS GOLD",
        "action_flag": 1,
        "change_message": "[{\"added\": {}}, {\"added\": {\"name\": \"\\u0414\\u043e\\u043f\\u043e\\u043b\\u043d\\u0438\\u0442\\u0435\\u043b\\u044c\\u043d\\u043e\\u0435 \\u0444\\u043e\\u0442\\u043e\", \"object\": \"ProductImage object (43)\"}}, {\"added\": {\"name\": \"\\u0414\\u043e\\u043f\\u043e\\u043b\\u043d\\u0438\\u0442\\u0435\\u043b\\u044c\\u043d\\u043e\\u0435 \\u0444\\u043e\\u0442\\u043e\", \"object\": \"ProductImage object (44)\"}}]"
    }
}
]
